2026-08-11 15:22:24,070  INFO  invoked with arguments Namespace(model_type='rest.RestGenerator', model_name=None, seed=None, generations=10, probes='promptinject,encoding', detectors='', eval_threshold=0.5, deprefix=False, plugin_info=None, list_probes=False, list_detectors=False, list_generators=False, version=False, verbose=0, generator_option='garak_rest.json', report_prefix='results/garak_hitlog')
2026-08-11 15:22:24,103  INFO  started at 2026-08-11T15:22:24.052925
2026-08-11 15:22:24,104  INFO  reporting to results/garak_hitlog.report.jsonl
2026-08-11 15:24:05,452  INFO  invoked with arguments Namespace(model_type='function.Rest', model_name=None, seed=None, generations=10, probes='promptinject,encoding', detectors='', eval_threshold=0.5, deprefix=False, plugin_info=None, list_probes=False, list_detectors=False, list_generators=False, version=False, verbose=0, generator_option='garak_rest.json', report_prefix='results/garak_hitlog')
2026-08-11 15:24:05,484  INFO  started at 2026-08-11T15:24:05.433803
2026-08-11 15:24:05,484  INFO  reporting to results/garak_hitlog.report.jsonl
2026-08-11 15:24:37,218  INFO  invoked with arguments Namespace(model_type='function.Rest', model_name='http://localhost:8000/chat', seed=None, generations=10, probes='promptinject', detectors='', eval_threshold=0.5, deprefix=False, plugin_info=None, list_probes=False, list_detectors=False, list_generators=False, version=False, verbose=0, generator_option=None, report_prefix='results/garak_hitlog')
2026-08-11 15:24:37,247  INFO  started at 2026-08-11T15:24:37.202478
2026-08-11 15:24:37,247  INFO  reporting to results/garak_hitlog.report.jsonl
2026-08-11 15:25:59,345  INFO  invoked with arguments Namespace(model_type='function.Fn', model_name='garak_target.call_bot', seed=None, generations=10, probes='promptinject', detectors='', eval_threshold=0.5, deprefix=False, plugin_info=None, list_probes=False, list_detectors=False, list_generators=False, version=False, verbose=0, generator_option=None, report_prefix='results/garak_hitlog')
2026-08-11 15:25:59,373  INFO  started at 2026-08-11T15:25:59.327261
2026-08-11 15:25:59,374  INFO  reporting to results/garak_hitlog.report.jsonl
2026-08-11 15:27:20,652  INFO  invoked with arguments Namespace(model_type='function.Single', model_name='garak_target#call_bot', seed=None, generations=10, probes='promptinject', detectors='', eval_threshold=0.5, deprefix=False, plugin_info=None, list_probes=False, list_detectors=False, list_generators=False, version=False, verbose=0, generator_option=None, report_prefix='results/garak_hitlog')
2026-08-11 15:27:20,692  INFO  started at 2026-08-11T15:27:20.635723
2026-08-11 15:27:20,692  INFO  reporting to results/garak_hitlog.report.jsonl
2026-08-11 15:27:20,793  INFO  generator init: <garak.generators.function.Single object at 0x00000234597CAE40>
2026-08-11 15:27:20,936  DEBUG  harness run: <garak.harnesses.probewise.ProbewiseHarness object at 0x000002345BA7B4D0>
2026-08-11 15:27:20,937  INFO  probe queue: probes.promptinject.HijackHateHumansMini probes.promptinject.HijackKillHumansMini probes.promptinject.HijackLongPromptMini
2026-08-11 15:27:20,937  INFO  probe init: <garak.probes.promptinject.HijackHateHumansMini object at 0x000002345BA7B620>
2026-08-11 15:27:26,765  INFO  detector init: <garak.detectors.promptinject.AttackRogueString object at 0x0000023476F99D30>
2026-08-11 15:27:26,765  DEBUG  harness run: <garak.harnesses.base.Harness object at 0x0000023476F99E80>
2026-08-11 15:27:26,765  INFO  generating...
2026-08-11 15:27:26,766  DEBUG  probe execute: <garak.probes.promptinject.HijackHateHumansMini object at 0x000002345BA7B620>
2026-08-11 15:27:26,788  DEBUG  Starting new HTTP connection (1): localhost:8000
2026-08-11 15:27:52,412  DEBUG  http://localhost:8000 "POST /chat HTTP/1.1" 200 28
2026-08-11 15:27:52,414  DEBUG  Starting new HTTP connection (1): localhost:8000
2026-08-11 15:27:58,263  DEBUG  http://localhost:8000 "POST /chat HTTP/1.1" 200 28
2026-08-11 15:27:58,264  DEBUG  Starting new HTTP connection (1): localhost:8000
2026-08-11 15:28:13,600  DEBUG  http://localhost:8000 "POST /chat HTTP/1.1" 200 177
2026-08-11 15:28:13,603  DEBUG  Starting new HTTP connection (1): localhost:8000
2026-08-11 15:28:19,397  DEBUG  http://localhost:8000 "POST /chat HTTP/1.1" 200 28
2026-08-11 15:28:19,398  DEBUG  Starting new HTTP connection (1): localhost:8000
2026-08-11 15:28:33,634  DEBUG  http://localhost:8000 "POST /chat HTTP/1.1" 200 176
2026-08-11 15:28:33,636  DEBUG  Starting new HTTP connection (1): localhost:8000
2026-08-11 15:28:39,482  DEBUG  http://localhost:8000 "POST /chat HTTP/1.1" 200 28
2026-08-11 15:28:39,483  DEBUG  Starting new HTTP connection (1): localhost:8000
2026-08-11 15:28:45,365  DEBUG  http://localhost:8000 "POST /chat HTTP/1.1" 200 28
2026-08-11 15:28:45,366  DEBUG  Starting new HTTP connection (1): localhost:8000
2026-08-11 15:28:51,223  DEBUG  http://localhost:8000 "POST /chat HTTP/1.1" 200 28
2026-08-11 15:28:51,224  DEBUG  Starting new HTTP connection (1): localhost:8000
2026-08-11 15:28:56,999  DEBUG  http://localhost:8000 "POST /chat HTTP/1.1" 200 28
2026-08-11 15:28:57,001  DEBUG  Starting new HTTP connection (1): localhost:8000
2026-08-11 15:29:02,838  DEBUG  http://localhost:8000 "POST /chat HTTP/1.1" 200 28
2026-08-11 15:29:02,842  DEBUG  Starting new HTTP connection (1): localhost:8000
2026-08-11 15:29:10,928  DEBUG  http://localhost:8000 "POST /chat HTTP/1.1" 200 28
2026-08-11 15:29:10,929  DEBUG  Starting new HTTP connection (1): localhost:8000
2026-08-11 15:29:16,945  DEBUG  http://localhost:8000 "POST /chat HTTP/1.1" 200 32
2026-08-11 15:29:16,947  DEBUG  Starting new HTTP connection (1): localhost:8000
2026-08-11 15:29:22,744  DEBUG  http://localhost:8000 "POST /chat HTTP/1.1" 200 28
2026-08-11 15:29:22,746  DEBUG  Starting new HTTP connection (1): localhost:8000
2026-08-11 15:29:28,510  DEBUG  http://localhost:8000 "POST /chat HTTP/1.1" 200 28
2026-08-11 15:29:28,511  DEBUG  Starting new HTTP connection (1): localhost:8000
2026-08-11 15:29:34,315  DEBUG  http://localhost:8000 "POST /chat HTTP/1.1" 200 28
2026-08-11 15:29:34,316  DEBUG  Starting new HTTP connection (1): localhost:8000
2026-08-11 15:29:40,161  DEBUG  http://localhost:8000 "POST /chat HTTP/1.1" 200 28
2026-08-11 15:29:40,162  DEBUG  Starting new HTTP connection (1): localhost:8000
2026-08-11 15:29:46,009  DEBUG  http://localhost:8000 "POST /chat HTTP/1.1" 200 28
2026-08-11 15:29:46,010  DEBUG  Starting new HTTP connection (1): localhost:8000
2026-08-11 15:29:51,854  DEBUG  http://localhost:8000 "POST /chat HTTP/1.1" 200 28
2026-08-11 15:29:51,856  DEBUG  Starting new HTTP connection (1): localhost:8000
2026-08-11 15:29:57,927  DEBUG  http://localhost:8000 "POST /chat HTTP/1.1" 200 32
2026-08-11 15:29:57,928  DEBUG  Starting new HTTP connection (1): localhost:8000
2026-08-11 15:30:03,755  DEBUG  http://localhost:8000 "POST /chat HTTP/1.1" 200 28
2026-08-11 15:30:03,757  DEBUG  Starting new HTTP connection (1): localhost:8000
2026-08-11 15:30:24,334  DEBUG  http://localhost:8000 "POST /chat HTTP/1.1" 200 28
2026-08-11 15:30:24,336  DEBUG  Starting new HTTP connection (1): localhost:8000
2026-08-11 15:30:30,212  DEBUG  http://localhost:8000 "POST /chat HTTP/1.1" 200 28
2026-08-11 15:30:30,214  DEBUG  Starting new HTTP connection (1): localhost:8000
2026-08-11 15:30:36,108  DEBUG  http://localhost:8000 "POST /chat HTTP/1.1" 200 28
2026-08-11 15:30:36,109  DEBUG  Starting new HTTP connection (1): localhost:8000
2026-08-11 15:30:41,980  DEBUG  http://localhost:8000 "POST /chat HTTP/1.1" 200 28
2026-08-11 15:30:41,981  DEBUG  Starting new HTTP connection (1): localhost:8000
2026-08-11 15:30:47,789  DEBUG  http://localhost:8000 "POST /chat HTTP/1.1" 200 28
2026-08-11 15:30:47,791  DEBUG  Starting new HTTP connection (1): localhost:8000
2026-08-11 15:30:53,604  DEBUG  http://localhost:8000 "POST /chat HTTP/1.1" 200 28
2026-08-11 15:30:53,605  DEBUG  Starting new HTTP connection (1): localhost:8000
2026-08-11 15:30:59,486  DEBUG  http://localhost:8000 "POST /chat HTTP/1.1" 200 28
2026-08-11 15:30:59,487  DEBUG  Starting new HTTP connection (1): localhost:8000
2026-08-11 15:31:05,331  DEBUG  http://localhost:8000 "POST /chat HTTP/1.1" 200 28
2026-08-11 15:31:05,332  DEBUG  Starting new HTTP connection (1): localhost:8000
2026-08-11 15:31:11,204  DEBUG  http://localhost:8000 "POST /chat HTTP/1.1" 200 28
2026-08-11 15:31:11,206  DEBUG  Starting new HTTP connection (1): localhost:8000
2026-08-11 15:31:17,063  DEBUG  http://localhost:8000 "POST /chat HTTP/1.1" 200 28
2026-08-11 15:31:17,066  DEBUG  Starting new HTTP connection (1): localhost:8000
2026-08-11 15:31:25,763  DEBUG  http://localhost:8000 "POST /chat HTTP/1.1" 200 28
2026-08-11 15:31:25,765  DEBUG  Starting new HTTP connection (1): localhost:8000
2026-08-11 15:31:31,734  DEBUG  http://localhost:8000 "POST /chat HTTP/1.1" 200 29
2026-08-11 15:31:31,736  DEBUG  Starting new HTTP connection (1): localhost:8000
2026-08-11 15:31:37,578  DEBUG  http://localhost:8000 "POST /chat HTTP/1.1" 200 28
2026-08-11 15:31:37,580  DEBUG  Starting new HTTP connection (1): localhost:8000
2026-08-11 15:31:46,745  DEBUG  http://localhost:8000 "POST /chat HTTP/1.1" 200 71
2026-08-11 15:31:46,747  DEBUG  Starting new HTTP connection (1): localhost:8000
2026-08-11 15:31:52,600  DEBUG  http://localhost:8000 "POST /chat HTTP/1.1" 200 28
2026-08-11 15:31:52,601  DEBUG  Starting new HTTP connection (1): localhost:8000
2026-08-11 15:31:58,400  DEBUG  http://localhost:8000 "POST /chat HTTP/1.1" 200 28
2026-08-11 15:31:58,402  DEBUG  Starting new HTTP connection (1): localhost:8000
2026-08-11 15:32:10,713  DEBUG  http://localhost:8000 "POST /chat HTTP/1.1" 200 195
2026-08-11 15:32:10,715  DEBUG  Starting new HTTP connection (1): localhost:8000
2026-08-11 15:32:19,169  DEBUG  http://localhost:8000 "POST /chat HTTP/1.1" 200 93
2026-08-11 15:32:19,170  DEBUG  Starting new HTTP connection (1): localhost:8000
2026-08-11 15:32:24,966  DEBUG  http://localhost:8000 "POST /chat HTTP/1.1" 200 28
2026-08-11 15:32:24,967  DEBUG  Starting new HTTP connection (1): localhost:8000
2026-08-11 15:32:33,800  DEBUG  http://localhost:8000 "POST /chat HTTP/1.1" 200 69
2026-08-11 15:32:33,802  DEBUG  Starting new HTTP connection (1): localhost:8000
2026-08-11 15:32:42,700  DEBUG  http://localhost:8000 "POST /chat HTTP/1.1" 200 29
2026-08-11 15:32:42,701  DEBUG  Starting new HTTP connection (1): localhost:8000
2026-08-11 15:32:48,701  DEBUG  http://localhost:8000 "POST /chat HTTP/1.1" 200 29
2026-08-11 15:32:48,703  DEBUG  Starting new HTTP connection (1): localhost:8000
2026-08-11 15:32:59,490  DEBUG  http://localhost:8000 "POST /chat HTTP/1.1" 200 150
2026-08-11 15:32:59,492  DEBUG  Starting new HTTP connection (1): localhost:8000
2026-08-11 15:33:45,146  DEBUG  http://localhost:8000 "POST /chat HTTP/1.1" 200 864
2026-08-11 15:33:45,148  DEBUG  Starting new HTTP connection (1): localhost:8000
2026-08-11 15:33:50,965  DEBUG  http://localhost:8000 "POST /chat HTTP/1.1" 200 28
2026-08-11 15:33:50,966  DEBUG  Starting new HTTP connection (1): localhost:8000
2026-08-11 15:34:23,152  DEBUG  http://localhost:8000 "POST /chat HTTP/1.1" 200 581
2026-08-11 15:34:23,154  DEBUG  Starting new HTTP connection (1): localhost:8000
2026-08-11 15:34:31,134  DEBUG  http://localhost:8000 "POST /chat HTTP/1.1" 200 81
2026-08-11 15:34:31,136  DEBUG  Starting new HTTP connection (1): localhost:8000
2026-08-11 15:34:40,792  DEBUG  http://localhost:8000 "POST /chat HTTP/1.1" 200 121
2026-08-11 15:34:40,793  DEBUG  Starting new HTTP connection (1): localhost:8000
2026-08-11 15:34:46,610  DEBUG  http://localhost:8000 "POST /chat HTTP/1.1" 200 28
2026-08-11 15:34:46,612  DEBUG  Starting new HTTP connection (1): localhost:8000
2026-08-11 15:34:52,443  DEBUG  http://localhost:8000 "POST /chat HTTP/1.1" 200 28
2026-08-11 15:34:52,445  DEBUG  Starting new HTTP connection (1): localhost:8000
2026-08-11 15:35:02,007  DEBUG  http://localhost:8000 "POST /chat HTTP/1.1" 200 43
2026-08-11 15:35:02,008  DEBUG  Starting new HTTP connection (1): localhost:8000
2026-08-11 15:35:08,753  DEBUG  http://localhost:8000 "POST /chat HTTP/1.1" 200 43
2026-08-11 15:35:08,754  DEBUG  Starting new HTTP connection (1): localhost:8000
2026-08-11 15:35:15,599  DEBUG  http://localhost:8000 "POST /chat HTTP/1.1" 200 43
2026-08-11 15:35:15,601  DEBUG  Starting new HTTP connection (1): localhost:8000
2026-08-11 15:35:22,342  DEBUG  http://localhost:8000 "POST /chat HTTP/1.1" 200 43
2026-08-11 15:35:22,344  DEBUG  Starting new HTTP connection (1): localhost:8000
2026-08-11 15:35:29,240  DEBUG  http://localhost:8000 "POST /chat HTTP/1.1" 200 43
2026-08-11 15:35:29,242  DEBUG  Starting new HTTP connection (1): localhost:8000
2026-08-11 15:35:36,202  DEBUG  http://localhost:8000 "POST /chat HTTP/1.1" 200 43
2026-08-11 15:35:36,204  DEBUG  Starting new HTTP connection (1): localhost:8000
2026-08-11 15:35:43,169  DEBUG  http://localhost:8000 "POST /chat HTTP/1.1" 200 43
2026-08-11 15:35:43,170  DEBUG  Starting new HTTP connection (1): localhost:8000
2026-08-11 15:35:50,415  DEBUG  http://localhost:8000 "POST /chat HTTP/1.1" 200 44
2026-08-11 15:35:50,418  DEBUG  Starting new HTTP connection (1): localhost:8000
2026-08-11 15:35:57,239  DEBUG  http://localhost:8000 "POST /chat HTTP/1.1" 200 43
2026-08-11 15:35:57,241  DEBUG  Starting new HTTP connection (1): localhost:8000
2026-08-11 15:36:04,138  DEBUG  http://localhost:8000 "POST /chat HTTP/1.1" 200 43
2026-08-11 15:36:04,140  DEBUG  Starting new HTTP connection (1): localhost:8000
2026-08-11 15:36:15,548  DEBUG  http://localhost:8000 "POST /chat HTTP/1.1" 200 97
2026-08-11 15:36:15,550  DEBUG  Starting new HTTP connection (1): localhost:8000
2026-08-11 15:36:21,417  DEBUG  http://localhost:8000 "POST /chat HTTP/1.1" 200 28
2026-08-11 15:36:21,419  DEBUG  Starting new HTTP connection (1): localhost:8000
2026-08-11 15:36:27,283  DEBUG  http://localhost:8000 "POST /chat HTTP/1.1" 200 28
2026-08-11 15:36:27,284  DEBUG  Starting new HTTP connection (1): localhost:8000
2026-08-11 15:36:33,150  DEBUG  http://localhost:8000 "POST /chat HTTP/1.1" 200 28
2026-08-11 15:36:33,151  DEBUG  Starting new HTTP connection (1): localhost:8000
2026-08-11 15:36:39,006  DEBUG  http://localhost:8000 "POST /chat HTTP/1.1" 200 28
2026-08-11 15:36:39,008  DEBUG  Starting new HTTP connection (1): localhost:8000
2026-08-11 15:36:44,864  DEBUG  http://localhost:8000 "POST /chat HTTP/1.1" 200 28
2026-08-11 15:36:44,866  DEBUG  Starting new HTTP connection (1): localhost:8000
2026-08-11 15:36:50,648  DEBUG  http://localhost:8000 "POST /chat HTTP/1.1" 200 28
2026-08-11 15:36:50,649  DEBUG  Starting new HTTP connection (1): localhost:8000
2026-08-11 15:36:56,455  DEBUG  http://localhost:8000 "POST /chat HTTP/1.1" 200 28
2026-08-11 15:36:56,460  DEBUG  Starting new HTTP connection (1): localhost:8000
2026-08-11 15:37:02,131  DEBUG  http://localhost:8000 "POST /chat HTTP/1.1" 200 28
2026-08-11 15:37:02,133  DEBUG  Starting new HTTP connection (1): localhost:8000
2026-08-11 15:37:07,958  DEBUG  http://localhost:8000 "POST /chat HTTP/1.1" 200 28
2026-08-11 15:37:07,965  DEBUG  Starting new HTTP connection (1): localhost:8000
2026-08-11 15:37:20,273  DEBUG  http://localhost:8000 "POST /chat HTTP/1.1" 200 63
2026-08-11 15:37:20,274  DEBUG  Starting new HTTP connection (1): localhost:8000
2026-08-11 15:37:26,267  DEBUG  http://localhost:8000 "POST /chat HTTP/1.1" 200 33
2026-08-11 15:37:26,268  DEBUG  Starting new HTTP connection (1): localhost:8000
2026-08-11 15:37:33,366  DEBUG  http://localhost:8000 "POST /chat HTTP/1.1" 200 52
2026-08-11 15:37:33,368  DEBUG  Starting new HTTP connection (1): localhost:8000
2026-08-11 15:37:40,944  DEBUG  http://localhost:8000 "POST /chat HTTP/1.1" 200 69
2026-08-11 15:37:40,947  DEBUG  Starting new HTTP connection (1): localhost:8000
2026-08-11 15:37:54,071  DEBUG  http://localhost:8000 "POST /chat HTTP/1.1" 200 196
2026-08-11 15:37:54,073  DEBUG  Starting new HTTP connection (1): localhost:8000
2026-08-11 15:38:07,666  DEBUG  http://localhost:8000 "POST /chat HTTP/1.1" 200 204
2026-08-11 15:38:07,668  DEBUG  Starting new HTTP connection (1): localhost:8000
2026-08-11 15:38:18,214  DEBUG  http://localhost:8000 "POST /chat HTTP/1.1" 200 134
2026-08-11 15:38:18,215  DEBUG  Starting new HTTP connection (1): localhost:8000
2026-08-11 15:38:24,040  DEBUG  http://localhost:8000 "POST /chat HTTP/1.1" 200 28
2026-08-11 15:38:24,042  DEBUG  Starting new HTTP connection (1): localhost:8000
2026-08-11 15:38:38,663  DEBUG  http://localhost:8000 "POST /chat HTTP/1.1" 200 243
2026-08-11 15:38:38,664  DEBUG  Starting new HTTP connection (1): localhost:8000
2026-08-11 15:38:48,669  DEBUG  http://localhost:8000 "POST /chat HTTP/1.1" 200 125
2026-08-11 15:38:48,671  DEBUG  Starting new HTTP connection (1): localhost:8000
2026-08-11 15:39:15,409  DEBUG  http://localhost:8000 "POST /chat HTTP/1.1" 200 227
2026-08-11 15:39:15,410  DEBUG  Starting new HTTP connection (1): localhost:8000
2026-08-11 15:39:27,616  DEBUG  http://localhost:8000 "POST /chat HTTP/1.1" 200 163
2026-08-11 15:39:27,618  DEBUG  Starting new HTTP connection (1): localhost:8000
2026-08-11 15:40:01,726  DEBUG  http://localhost:8000 "POST /chat HTTP/1.1" 200 594
2026-08-11 15:40:01,728  DEBUG  Starting new HTTP connection (1): localhost:8000
2026-08-11 15:40:11,387  DEBUG  http://localhost:8000 "POST /chat HTTP/1.1" 200 123
2026-08-11 15:40:11,388  DEBUG  Starting new HTTP connection (1): localhost:8000
2026-08-11 15:40:22,147  DEBUG  http://localhost:8000 "POST /chat HTTP/1.1" 200 137
2026-08-11 15:40:22,148  DEBUG  Starting new HTTP connection (1): localhost:8000
2026-08-11 15:40:58,952  DEBUG  http://localhost:8000 "POST /chat HTTP/1.1" 200 705
2026-08-11 15:40:58,954  DEBUG  Starting new HTTP connection (1): localhost:8000
2026-08-11 15:41:09,926  DEBUG  http://localhost:8000 "POST /chat HTTP/1.1" 200 141
2026-08-11 15:41:09,928  DEBUG  Starting new HTTP connection (1): localhost:8000
2026-08-11 15:41:23,715  DEBUG  http://localhost:8000 "POST /chat HTTP/1.1" 200 196
2026-08-11 15:41:23,717  DEBUG  Starting new HTTP connection (1): localhost:8000
2026-08-11 15:41:37,037  DEBUG  http://localhost:8000 "POST /chat HTTP/1.1" 200 210
2026-08-11 15:41:37,039  DEBUG  Starting new HTTP connection (1): localhost:8000
2026-08-11 15:41:48,886  DEBUG  http://localhost:8000 "POST /chat HTTP/1.1" 200 168
2026-08-11 15:41:48,895  DEBUG  Starting new HTTP connection (1): localhost:8000
2026-08-11 15:41:57,778  DEBUG  http://localhost:8000 "POST /chat HTTP/1.1" 200 28
2026-08-11 15:41:57,780  DEBUG  Starting new HTTP connection (1): localhost:8000
2026-08-11 15:42:07,655  DEBUG  http://localhost:8000 "POST /chat HTTP/1.1" 200 121
2026-08-11 15:42:07,656  DEBUG  Starting new HTTP connection (1): localhost:8000
2026-08-11 15:42:13,454  DEBUG  http://localhost:8000 "POST /chat HTTP/1.1" 200 28
2026-08-11 15:42:13,455  DEBUG  Starting new HTTP connection (1): localhost:8000
2026-08-11 15:42:19,480  DEBUG  http://localhost:8000 "POST /chat HTTP/1.1" 200 29
2026-08-11 15:42:19,482  DEBUG  Starting new HTTP connection (1): localhost:8000
2026-08-11 15:42:25,321  DEBUG  http://localhost:8000 "POST /chat HTTP/1.1" 200 28
2026-08-11 15:42:25,323  DEBUG  Starting new HTTP connection (1): localhost:8000
2026-08-11 15:42:31,391  DEBUG  http://localhost:8000 "POST /chat HTTP/1.1" 200 32
2026-08-11 15:42:31,393  DEBUG  Starting new HTTP connection (1): localhost:8000
2026-08-11 15:42:37,194  DEBUG  http://localhost:8000 "POST /chat HTTP/1.1" 200 28
2026-08-11 15:42:37,195  DEBUG  Starting new HTTP connection (1): localhost:8000
2026-08-11 15:42:46,994  DEBUG  http://localhost:8000 "POST /chat HTTP/1.1" 200 129
2026-08-11 15:42:47,000  DEBUG  Starting new HTTP connection (1): localhost:8000
2026-08-11 15:42:56,999  DEBUG  http://localhost:8000 "POST /chat HTTP/1.1" 200 116
2026-08-11 15:42:57,000  DEBUG  Starting new HTTP connection (1): localhost:8000
2026-08-11 15:43:02,770  DEBUG  http://localhost:8000 "POST /chat HTTP/1.1" 200 28
2026-08-11 15:43:02,774  DEBUG  Starting new HTTP connection (1): localhost:8000
2026-08-11 15:43:48,404  DEBUG  http://localhost:8000 "POST /chat HTTP/1.1" 200 668
2026-08-11 15:43:48,407  DEBUG  Starting new HTTP connection (1): localhost:8000
2026-08-11 15:44:23,220  DEBUG  http://localhost:8000 "POST /chat HTTP/1.1" 200 500
2026-08-11 15:44:23,222  DEBUG  Starting new HTTP connection (1): localhost:8000
2026-08-11 15:44:29,283  DEBUG  http://localhost:8000 "POST /chat HTTP/1.1" 200 33
2026-08-11 15:44:29,285  DEBUG  Starting new HTTP connection (1): localhost:8000
2026-08-11 15:44:35,323  DEBUG  http://localhost:8000 "POST /chat HTTP/1.1" 200 32
2026-08-11 15:44:35,325  DEBUG  Starting new HTTP connection (1): localhost:8000
2026-08-11 15:44:41,356  DEBUG  http://localhost:8000 "POST /chat HTTP/1.1" 200 33
2026-08-11 15:44:41,361  DEBUG  Starting new HTTP connection (1): localhost:8000
2026-08-11 15:44:58,961  DEBUG  http://localhost:8000 "POST /chat HTTP/1.1" 200 248
2026-08-11 15:44:58,964  DEBUG  Starting new HTTP connection (1): localhost:8000
2026-08-11 15:45:49,605  DEBUG  http://localhost:8000 "POST /chat HTTP/1.1" 200 889
2026-08-11 15:45:49,608  DEBUG  Starting new HTTP connection (1): localhost:8000
2026-08-11 15:45:55,672  DEBUG  http://localhost:8000 "POST /chat HTTP/1.1" 200 32
2026-08-11 15:45:55,673  DEBUG  Starting new HTTP connection (1): localhost:8000
2026-08-11 15:46:01,722  DEBUG  http://localhost:8000 "POST /chat HTTP/1.1" 200 32
2026-08-11 15:46:01,723  DEBUG  Starting new HTTP connection (1): localhost:8000
2026-08-11 15:46:23,787  DEBUG  http://localhost:8000 "POST /chat HTTP/1.1" 200 315
2026-08-11 15:46:23,792  DEBUG  Starting new HTTP connection (1): localhost:8000
2026-08-11 15:46:50,516  DEBUG  http://localhost:8000 "POST /chat HTTP/1.1" 200 214
2026-08-11 15:46:50,519  DEBUG  Starting new HTTP connection (1): localhost:8000
2026-08-11 15:47:01,534  DEBUG  http://localhost:8000 "POST /chat HTTP/1.1" 200 139
2026-08-11 15:47:01,536  DEBUG  Starting new HTTP connection (1): localhost:8000
2026-08-11 15:47:25,076  DEBUG  http://localhost:8000 "POST /chat HTTP/1.1" 200 302
2026-08-11 15:47:25,078  DEBUG  Starting new HTTP connection (1): localhost:8000
2026-08-11 15:47:35,359  DEBUG  http://localhost:8000 "POST /chat HTTP/1.1" 200 123
2026-08-11 15:47:35,362  DEBUG  Starting new HTTP connection (1): localhost:8000
2026-08-11 15:47:41,152  DEBUG  http://localhost:8000 "POST /chat HTTP/1.1" 200 28
2026-08-11 15:47:41,153  DEBUG  Starting new HTTP connection (1): localhost:8000
2026-08-11 15:48:00,503  DEBUG  http://localhost:8000 "POST /chat HTTP/1.1" 200 196
2026-08-11 15:48:00,505  DEBUG  Starting new HTTP connection (1): localhost:8000
2026-08-11 15:48:06,312  DEBUG  http://localhost:8000 "POST /chat HTTP/1.1" 200 28
2026-08-11 15:48:06,313  DEBUG  Starting new HTTP connection (1): localhost:8000
2026-08-11 15:48:18,685  DEBUG  http://localhost:8000 "POST /chat HTTP/1.1" 200 171
2026-08-11 15:48:18,687  DEBUG  Starting new HTTP connection (1): localhost:8000
2026-08-11 15:48:32,059  DEBUG  http://localhost:8000 "POST /chat HTTP/1.1" 200 198
2026-08-11 15:48:32,064  DEBUG  Starting new HTTP connection (1): localhost:8000
2026-08-11 15:48:41,807  DEBUG  http://localhost:8000 "POST /chat HTTP/1.1" 200 116
2026-08-11 15:48:41,819  DEBUG  Starting new HTTP connection (1): localhost:8000
2026-08-11 15:48:59,068  DEBUG  http://localhost:8000 "POST /chat HTTP/1.1" 200 226
2026-08-11 15:48:59,070  DEBUG  Starting new HTTP connection (1): localhost:8000
2026-08-11 15:49:19,780  DEBUG  http://localhost:8000 "POST /chat HTTP/1.1" 200 384
2026-08-11 15:49:19,785  DEBUG  Starting new HTTP connection (1): localhost:8000
2026-08-11 15:49:30,134  DEBUG  http://localhost:8000 "POST /chat HTTP/1.1" 200 134
2026-08-11 15:49:30,135  DEBUG  Starting new HTTP connection (1): localhost:8000
2026-08-11 15:49:41,573  DEBUG  http://localhost:8000 "POST /chat HTTP/1.1" 200 170
2026-08-11 15:49:41,575  DEBUG  Starting new HTTP connection (1): localhost:8000
2026-08-11 15:50:02,339  DEBUG  http://localhost:8000 "POST /chat HTTP/1.1" 200 426
2026-08-11 15:50:02,342  DEBUG  Starting new HTTP connection (1): localhost:8000
2026-08-11 15:50:26,216  DEBUG  http://localhost:8000 "POST /chat HTTP/1.1" 200 451
2026-08-11 15:50:26,219  DEBUG  Starting new HTTP connection (1): localhost:8000
2026-08-11 15:51:01,479  DEBUG  http://localhost:8000 "POST /chat HTTP/1.1" 200 610
2026-08-11 15:51:01,484  DEBUG  Starting new HTTP connection (1): localhost:8000
2026-08-11 15:51:27,728  DEBUG  http://localhost:8000 "POST /chat HTTP/1.1" 200 492
2026-08-11 15:51:27,731  DEBUG  Starting new HTTP connection (1): localhost:8000
2026-08-11 15:51:44,340  DEBUG  http://localhost:8000 "POST /chat HTTP/1.1" 200 292
2026-08-11 15:51:44,342  DEBUG  Starting new HTTP connection (1): localhost:8000
2026-08-11 15:52:01,168  DEBUG  http://localhost:8000 "POST /chat HTTP/1.1" 200 253
2026-08-11 15:52:01,174  DEBUG  Starting new HTTP connection (1): localhost:8000
2026-08-11 15:52:13,718  DEBUG  http://localhost:8000 "POST /chat HTTP/1.1" 200 133
2026-08-11 15:52:13,720  DEBUG  Starting new HTTP connection (1): localhost:8000
2026-08-11 15:52:26,711  DEBUG  http://localhost:8000 "POST /chat HTTP/1.1" 200 183
2026-08-11 15:52:26,715  DEBUG  Starting new HTTP connection (1): localhost:8000
2026-08-11 15:52:32,562  DEBUG  http://localhost:8000 "POST /chat HTTP/1.1" 200 28
2026-08-11 15:52:32,564  DEBUG  Starting new HTTP connection (1): localhost:8000
2026-08-11 15:52:42,637  DEBUG  http://localhost:8000 "POST /chat HTTP/1.1" 200 129
2026-08-11 15:52:42,640  DEBUG  Starting new HTTP connection (1): localhost:8000
2026-08-11 15:52:52,157  DEBUG  http://localhost:8000 "POST /chat HTTP/1.1" 200 122
2026-08-11 15:52:52,163  DEBUG  Starting new HTTP connection (1): localhost:8000
2026-08-11 15:52:58,087  DEBUG  http://localhost:8000 "POST /chat HTTP/1.1" 200 29
2026-08-11 15:52:58,089  DEBUG  Starting new HTTP connection (1): localhost:8000
2026-08-11 15:53:07,452  DEBUG  http://localhost:8000 "POST /chat HTTP/1.1" 200 109
2026-08-11 15:53:07,454  DEBUG  Starting new HTTP connection (1): localhost:8000
2026-08-11 15:53:17,346  DEBUG  http://localhost:8000 "POST /chat HTTP/1.1" 200 119
2026-08-11 15:53:17,349  DEBUG  Starting new HTTP connection (1): localhost:8000
2026-08-11 15:53:28,067  DEBUG  http://localhost:8000 "POST /chat HTTP/1.1" 200 154
2026-08-11 15:53:28,068  DEBUG  Starting new HTTP connection (1): localhost:8000
2026-08-11 15:53:34,049  DEBUG  http://localhost:8000 "POST /chat HTTP/1.1" 200 29
2026-08-11 15:53:34,054  DEBUG  Starting new HTTP connection (1): localhost:8000
2026-08-11 15:53:45,816  DEBUG  http://localhost:8000 "POST /chat HTTP/1.1" 200 29
2026-08-11 15:53:45,818  DEBUG  Starting new HTTP connection (1): localhost:8000
2026-08-11 15:53:51,763  DEBUG  http://localhost:8000 "POST /chat HTTP/1.1" 200 33
2026-08-11 15:53:51,764  DEBUG  Starting new HTTP connection (1): localhost:8000
2026-08-11 15:53:57,745  DEBUG  http://localhost:8000 "POST /chat HTTP/1.1" 200 29
2026-08-11 15:53:57,746  DEBUG  Starting new HTTP connection (1): localhost:8000
2026-08-11 15:54:03,674  DEBUG  http://localhost:8000 "POST /chat HTTP/1.1" 200 32
2026-08-11 15:54:03,681  DEBUG  Starting new HTTP connection (1): localhost:8000
2026-08-11 15:54:09,449  DEBUG  http://localhost:8000 "POST /chat HTTP/1.1" 200 28
2026-08-11 15:54:09,451  DEBUG  Starting new HTTP connection (1): localhost:8000
2026-08-11 15:54:15,475  DEBUG  http://localhost:8000 "POST /chat HTTP/1.1" 200 29
2026-08-11 15:54:15,476  DEBUG  Starting new HTTP connection (1): localhost:8000
2026-08-11 15:54:21,219  DEBUG  http://localhost:8000 "POST /chat HTTP/1.1" 200 28
2026-08-11 15:54:21,220  DEBUG  Starting new HTTP connection (1): localhost:8000
2026-08-11 15:54:27,157  DEBUG  http://localhost:8000 "POST /chat HTTP/1.1" 200 29
2026-08-11 15:54:27,158  DEBUG  Starting new HTTP connection (1): localhost:8000
2026-08-11 15:54:32,933  DEBUG  http://localhost:8000 "POST /chat HTTP/1.1" 200 28
2026-08-11 15:54:32,935  DEBUG  Starting new HTTP connection (1): localhost:8000
2026-08-11 15:54:38,674  DEBUG  http://localhost:8000 "POST /chat HTTP/1.1" 200 28
2026-08-11 15:54:38,680  DEBUG  Starting new HTTP connection (1): localhost:8000
2026-08-11 15:54:46,340  DEBUG  http://localhost:8000 "POST /chat HTTP/1.1" 200 32
2026-08-11 15:54:46,342  DEBUG  Starting new HTTP connection (1): localhost:8000
2026-08-11 15:54:52,089  DEBUG  http://localhost:8000 "POST /chat HTTP/1.1" 200 28
2026-08-11 15:54:52,091  DEBUG  Starting new HTTP connection (1): localhost:8000
2026-08-11 15:54:57,838  DEBUG  http://localhost:8000 "POST /chat HTTP/1.1" 200 28
2026-08-11 15:54:57,839  DEBUG  Starting new HTTP connection (1): localhost:8000
2026-08-11 15:55:03,606  DEBUG  http://localhost:8000 "POST /chat HTTP/1.1" 200 28
2026-08-11 15:55:03,608  DEBUG  Starting new HTTP connection (1): localhost:8000
2026-08-11 15:55:09,576  DEBUG  http://localhost:8000 "POST /chat HTTP/1.1" 200 32
2026-08-11 15:55:09,578  DEBUG  Starting new HTTP connection (1): localhost:8000
2026-08-11 15:55:15,415  DEBUG  http://localhost:8000 "POST /chat HTTP/1.1" 200 28
2026-08-11 15:55:15,417  DEBUG  Starting new HTTP connection (1): localhost:8000
2026-08-11 15:55:21,206  DEBUG  http://localhost:8000 "POST /chat HTTP/1.1" 200 28
2026-08-11 15:55:21,207  DEBUG  Starting new HTTP connection (1): localhost:8000
2026-08-11 15:55:27,071  DEBUG  http://localhost:8000 "POST /chat HTTP/1.1" 200 28
2026-08-11 15:55:27,078  DEBUG  Starting new HTTP connection (1): localhost:8000
2026-08-11 15:55:32,876  DEBUG  http://localhost:8000 "POST /chat HTTP/1.1" 200 28
2026-08-11 15:55:32,882  DEBUG  Starting new HTTP connection (1): localhost:8000
2026-08-11 15:55:38,667  DEBUG  http://localhost:8000 "POST /chat HTTP/1.1" 200 28
2026-08-11 15:55:38,673  DEBUG  Starting new HTTP connection (1): localhost:8000
2026-08-11 15:55:46,188  DEBUG  http://localhost:8000 "POST /chat HTTP/1.1" 200 28
2026-08-11 15:55:46,190  DEBUG  Starting new HTTP connection (1): localhost:8000
2026-08-11 15:55:52,202  DEBUG  http://localhost:8000 "POST /chat HTTP/1.1" 200 32
2026-08-11 15:55:52,203  DEBUG  Starting new HTTP connection (1): localhost:8000
2026-08-11 15:55:59,064  DEBUG  http://localhost:8000 "POST /chat HTTP/1.1" 200 50
2026-08-11 15:55:59,065  DEBUG  Starting new HTTP connection (1): localhost:8000
2026-08-11 15:56:04,815  DEBUG  http://localhost:8000 "POST /chat HTTP/1.1" 200 28
2026-08-11 15:56:04,817  DEBUG  Starting new HTTP connection (1): localhost:8000
2026-08-11 15:56:10,554  DEBUG  http://localhost:8000 "POST /chat HTTP/1.1" 200 28
2026-08-11 15:56:10,556  DEBUG  Starting new HTTP connection (1): localhost:8000
2026-08-11 15:56:16,342  DEBUG  http://localhost:8000 "POST /chat HTTP/1.1" 200 28
2026-08-11 15:56:16,344  DEBUG  Starting new HTTP connection (1): localhost:8000
2026-08-11 15:56:22,136  DEBUG  http://localhost:8000 "POST /chat HTTP/1.1" 200 28
2026-08-11 15:56:22,137  DEBUG  Starting new HTTP connection (1): localhost:8000
2026-08-11 15:56:28,127  DEBUG  http://localhost:8000 "POST /chat HTTP/1.1" 200 32
2026-08-11 15:56:28,134  DEBUG  Starting new HTTP connection (1): localhost:8000
2026-08-11 15:56:33,992  DEBUG  http://localhost:8000 "POST /chat HTTP/1.1" 200 28
2026-08-11 15:56:33,993  DEBUG  Starting new HTTP connection (1): localhost:8000
2026-08-11 15:56:39,778  DEBUG  http://localhost:8000 "POST /chat HTTP/1.1" 200 28
2026-08-11 15:56:39,782  DEBUG  Starting new HTTP connection (1): localhost:8000
2026-08-11 15:56:53,349  DEBUG  http://localhost:8000 "POST /chat HTTP/1.1" 200 166
2026-08-11 15:56:53,351  DEBUG  Starting new HTTP connection (1): localhost:8000
2026-08-11 15:57:00,431  DEBUG  http://localhost:8000 "POST /chat HTTP/1.1" 200 67
2026-08-11 15:57:00,433  DEBUG  Starting new HTTP connection (1): localhost:8000
2026-08-11 15:57:11,344  DEBUG  http://localhost:8000 "POST /chat HTTP/1.1" 200 173
2026-08-11 15:57:11,345  DEBUG  Starting new HTTP connection (1): localhost:8000
2026-08-11 15:57:18,606  DEBUG  http://localhost:8000 "POST /chat HTTP/1.1" 200 64
2026-08-11 15:57:18,608  DEBUG  Starting new HTTP connection (1): localhost:8000
2026-08-11 15:57:25,570  DEBUG  http://localhost:8000 "POST /chat HTTP/1.1" 200 54
2026-08-11 15:57:25,572  DEBUG  Starting new HTTP connection (1): localhost:8000
2026-08-11 15:57:38,211  DEBUG  http://localhost:8000 "POST /chat HTTP/1.1" 200 227
2026-08-11 15:57:38,213  DEBUG  Starting new HTTP connection (1): localhost:8000
2026-08-11 15:57:44,924  DEBUG  http://localhost:8000 "POST /chat HTTP/1.1" 200 54
2026-08-11 15:57:44,925  DEBUG  Starting new HTTP connection (1): localhost:8000
2026-08-11 15:57:54,677  DEBUG  http://localhost:8000 "POST /chat HTTP/1.1" 200 138
2026-08-11 15:57:54,679  DEBUG  Starting new HTTP connection (1): localhost:8000
2026-08-11 15:58:07,302  DEBUG  http://localhost:8000 "POST /chat HTTP/1.1" 200 219
2026-08-11 15:58:07,304  DEBUG  Starting new HTTP connection (1): localhost:8000
2026-08-11 15:58:18,739  DEBUG  http://localhost:8000 "POST /chat HTTP/1.1" 200 181
2026-08-11 15:58:18,747  DEBUG  Starting new HTTP connection (1): localhost:8000
2026-08-11 15:58:27,585  DEBUG  http://localhost:8000 "POST /chat HTTP/1.1" 200 43
2026-08-11 15:58:27,588  DEBUG  Starting new HTTP connection (1): localhost:8000
2026-08-11 15:58:33,827  DEBUG  http://localhost:8000 "POST /chat HTTP/1.1" 200 32
2026-08-11 15:58:33,829  DEBUG  Starting new HTTP connection (1): localhost:8000
2026-08-11 15:58:40,144  DEBUG  http://localhost:8000 "POST /chat HTTP/1.1" 200 36
2026-08-11 15:58:40,145  DEBUG  Starting new HTTP connection (1): localhost:8000
2026-08-11 15:58:46,646  DEBUG  http://localhost:8000 "POST /chat HTTP/1.1" 200 43
2026-08-11 15:58:46,647  DEBUG  Starting new HTTP connection (1): localhost:8000
2026-08-11 15:58:53,416  DEBUG  http://localhost:8000 "POST /chat HTTP/1.1" 200 43
2026-08-11 15:58:53,417  DEBUG  Starting new HTTP connection (1): localhost:8000
2026-08-11 15:59:00,136  DEBUG  http://localhost:8000 "POST /chat HTTP/1.1" 200 43
2026-08-11 15:59:00,138  DEBUG  Starting new HTTP connection (1): localhost:8000
2026-08-11 15:59:06,670  DEBUG  http://localhost:8000 "POST /chat HTTP/1.1" 200 43
2026-08-11 15:59:06,676  DEBUG  Starting new HTTP connection (1): localhost:8000
2026-08-11 15:59:12,806  DEBUG  http://localhost:8000 "POST /chat HTTP/1.1" 200 32
2026-08-11 15:59:12,807  DEBUG  Starting new HTTP connection (1): localhost:8000
2026-08-11 15:59:18,785  DEBUG  http://localhost:8000 "POST /chat HTTP/1.1" 200 33
2026-08-11 15:59:18,786  DEBUG  Starting new HTTP connection (1): localhost:8000
2026-08-11 15:59:25,458  DEBUG  http://localhost:8000 "POST /chat HTTP/1.1" 200 43
2026-08-11 15:59:25,464  DEBUG  Starting new HTTP connection (1): localhost:8000
2026-08-11 15:59:34,136  DEBUG  http://localhost:8000 "POST /chat HTTP/1.1" 200 28
2026-08-11 15:59:34,138  DEBUG  Starting new HTTP connection (1): localhost:8000
2026-08-11 15:59:39,934  DEBUG  http://localhost:8000 "POST /chat HTTP/1.1" 200 28
2026-08-11 15:59:39,935  DEBUG  Starting new HTTP connection (1): localhost:8000
2026-08-11 15:59:45,723  DEBUG  http://localhost:8000 "POST /chat HTTP/1.1" 200 28
2026-08-11 15:59:45,725  DEBUG  Starting new HTTP connection (1): localhost:8000
2026-08-11 15:59:51,512  DEBUG  http://localhost:8000 "POST /chat HTTP/1.1" 200 28
2026-08-11 15:59:51,518  DEBUG  Starting new HTTP connection (1): localhost:8000
2026-08-11 15:59:57,307  DEBUG  http://localhost:8000 "POST /chat HTTP/1.1" 200 28
2026-08-11 15:59:57,311  DEBUG  Starting new HTTP connection (1): localhost:8000
2026-08-11 16:00:03,076  DEBUG  http://localhost:8000 "POST /chat HTTP/1.1" 200 28
2026-08-11 16:00:03,078  DEBUG  Starting new HTTP connection (1): localhost:8000
2026-08-11 16:00:08,871  DEBUG  http://localhost:8000 "POST /chat HTTP/1.1" 200 28
2026-08-11 16:00:08,877  DEBUG  Starting new HTTP connection (1): localhost:8000
2026-08-11 16:00:14,689  DEBUG  http://localhost:8000 "POST /chat HTTP/1.1" 200 28
2026-08-11 16:00:14,691  DEBUG  Starting new HTTP connection (1): localhost:8000
2026-08-11 16:00:20,459  DEBUG  http://localhost:8000 "POST /chat HTTP/1.1" 200 28
2026-08-11 16:00:20,464  DEBUG  Starting new HTTP connection (1): localhost:8000
2026-08-11 16:00:26,265  DEBUG  http://localhost:8000 "POST /chat HTTP/1.1" 200 28
2026-08-11 16:00:26,269  DEBUG  Starting new HTTP connection (1): localhost:8000
2026-08-11 16:00:36,783  DEBUG  http://localhost:8000 "POST /chat HTTP/1.1" 200 33
2026-08-11 16:00:36,789  DEBUG  Starting new HTTP connection (1): localhost:8000
2026-08-11 16:00:42,669  DEBUG  http://localhost:8000 "POST /chat HTTP/1.1" 200 28
2026-08-11 16:00:42,671  DEBUG  Starting new HTTP connection (1): localhost:8000
2026-08-11 16:00:48,513  DEBUG  http://localhost:8000 "POST /chat HTTP/1.1" 200 28
2026-08-11 16:00:48,514  DEBUG  Starting new HTTP connection (1): localhost:8000
2026-08-11 16:00:54,293  DEBUG  http://localhost:8000 "POST /chat HTTP/1.1" 200 28
2026-08-11 16:00:54,299  DEBUG  Starting new HTTP connection (1): localhost:8000
2026-08-11 16:01:00,278  DEBUG  http://localhost:8000 "POST /chat HTTP/1.1" 200 33
2026-08-11 16:01:00,280  DEBUG  Starting new HTTP connection (1): localhost:8000
2026-08-11 16:01:05,999  DEBUG  http://localhost:8000 "POST /chat HTTP/1.1" 200 28
2026-08-11 16:01:06,001  DEBUG  Starting new HTTP connection (1): localhost:8000
2026-08-11 16:01:11,945  DEBUG  http://localhost:8000 "POST /chat HTTP/1.1" 200 29
2026-08-11 16:01:11,948  DEBUG  Starting new HTTP connection (1): localhost:8000
2026-08-11 16:01:17,726  DEBUG  http://localhost:8000 "POST /chat HTTP/1.1" 200 28
2026-08-11 16:01:17,728  DEBUG  Starting new HTTP connection (1): localhost:8000
2026-08-11 16:01:23,707  DEBUG  http://localhost:8000 "POST /chat HTTP/1.1" 200 29
2026-08-11 16:01:23,709  DEBUG  Starting new HTTP connection (1): localhost:8000
2026-08-11 16:01:29,479  DEBUG  http://localhost:8000 "POST /chat HTTP/1.1" 200 28
2026-08-11 16:01:29,493  DEBUG  Starting new HTTP connection (1): localhost:8000
2026-08-11 16:01:37,868  DEBUG  http://localhost:8000 "POST /chat HTTP/1.1" 200 28
2026-08-11 16:01:37,871  DEBUG  Starting new HTTP connection (1): localhost:8000
2026-08-11 16:01:50,756  DEBUG  http://localhost:8000 "POST /chat HTTP/1.1" 200 156
2026-08-11 16:01:50,758  DEBUG  Starting new HTTP connection (1): localhost:8000
2026-08-11 16:01:56,715  DEBUG  http://localhost:8000 "POST /chat HTTP/1.1" 200 29
2026-08-11 16:01:56,716  DEBUG  Starting new HTTP connection (1): localhost:8000
2026-08-11 16:02:02,531  DEBUG  http://localhost:8000 "POST /chat HTTP/1.1" 200 28
2026-08-11 16:02:02,534  DEBUG  Starting new HTTP connection (1): localhost:8000
2026-08-11 16:02:08,264  DEBUG  http://localhost:8000 "POST /chat HTTP/1.1" 200 28
2026-08-11 16:02:08,271  DEBUG  Starting new HTTP connection (1): localhost:8000
2026-08-11 16:02:14,028  DEBUG  http://localhost:8000 "POST /chat HTTP/1.1" 200 28
2026-08-11 16:02:14,030  DEBUG  Starting new HTTP connection (1): localhost:8000
2026-08-11 16:02:19,779  DEBUG  http://localhost:8000 "POST /chat HTTP/1.1" 200 28
2026-08-11 16:02:19,780  DEBUG  Starting new HTTP connection (1): localhost:8000
2026-08-11 16:02:25,525  DEBUG  http://localhost:8000 "POST /chat HTTP/1.1" 200 28
2026-08-11 16:02:25,532  DEBUG  Starting new HTTP connection (1): localhost:8000
2026-08-11 16:02:31,273  DEBUG  http://localhost:8000 "POST /chat HTTP/1.1" 200 28
2026-08-11 16:02:31,274  DEBUG  Starting new HTTP connection (1): localhost:8000
2026-08-11 16:02:37,022  DEBUG  http://localhost:8000 "POST /chat HTTP/1.1" 200 28
2026-08-11 16:02:37,029  DEBUG  Starting new HTTP connection (1): localhost:8000
2026-08-11 16:02:44,853  DEBUG  http://localhost:8000 "POST /chat HTTP/1.1" 200 28
2026-08-11 16:02:44,855  DEBUG  Starting new HTTP connection (1): localhost:8000
2026-08-11 16:02:50,639  DEBUG  http://localhost:8000 "POST /chat HTTP/1.1" 200 28
2026-08-11 16:02:50,641  DEBUG  Starting new HTTP connection (1): localhost:8000
2026-08-11 16:02:56,437  DEBUG  http://localhost:8000 "POST /chat HTTP/1.1" 200 28
2026-08-11 16:02:56,438  DEBUG  Starting new HTTP connection (1): localhost:8000
2026-08-11 16:03:02,233  DEBUG  http://localhost:8000 "POST /chat HTTP/1.1" 200 28
2026-08-11 16:03:02,234  DEBUG  Starting new HTTP connection (1): localhost:8000
2026-08-11 16:03:08,009  DEBUG  http://localhost:8000 "POST /chat HTTP/1.1" 200 28
2026-08-11 16:03:08,010  DEBUG  Starting new HTTP connection (1): localhost:8000
2026-08-11 16:03:13,785  DEBUG  http://localhost:8000 "POST /chat HTTP/1.1" 200 28
2026-08-11 16:03:13,787  DEBUG  Starting new HTTP connection (1): localhost:8000
2026-08-11 16:03:19,780  DEBUG  http://localhost:8000 "POST /chat HTTP/1.1" 200 29
2026-08-11 16:03:19,782  DEBUG  Starting new HTTP connection (1): localhost:8000
2026-08-11 16:03:25,603  DEBUG  http://localhost:8000 "POST /chat HTTP/1.1" 200 28
2026-08-11 16:03:25,609  DEBUG  Starting new HTTP connection (1): localhost:8000
2026-08-11 16:03:31,539  DEBUG  http://localhost:8000 "POST /chat HTTP/1.1" 200 29
2026-08-11 16:03:31,541  DEBUG  Starting new HTTP connection (1): localhost:8000
2026-08-11 16:03:37,332  DEBUG  http://localhost:8000 "POST /chat HTTP/1.1" 200 28
2026-08-11 16:03:37,336  DEBUG  Starting new HTTP connection (1): localhost:8000
2026-08-11 16:03:49,426  DEBUG  http://localhost:8000 "POST /chat HTTP/1.1" 200 141
2026-08-11 16:03:49,428  DEBUG  Starting new HTTP connection (1): localhost:8000
2026-08-11 16:15:30,106  DEBUG  http://localhost:8000 "POST /chat HTTP/1.1" 200 29
2026-08-11 16:15:30,108  DEBUG  Starting new HTTP connection (1): localhost:8000
2026-08-11 16:15:35,905  DEBUG  http://localhost:8000 "POST /chat HTTP/1.1" 200 28
2026-08-11 16:15:35,907  DEBUG  Starting new HTTP connection (1): localhost:8000
2026-08-11 16:15:41,677  DEBUG  http://localhost:8000 "POST /chat HTTP/1.1" 200 28
2026-08-11 16:15:41,682  DEBUG  Starting new HTTP connection (1): localhost:8000
2026-08-11 16:15:47,680  DEBUG  http://localhost:8000 "POST /chat HTTP/1.1" 200 29
2026-08-11 16:15:47,681  DEBUG  Starting new HTTP connection (1): localhost:8000
2026-08-11 16:15:53,455  DEBUG  http://localhost:8000 "POST /chat HTTP/1.1" 200 28
2026-08-11 16:15:53,457  DEBUG  Starting new HTTP connection (1): localhost:8000
2026-08-11 16:16:01,530  DEBUG  http://localhost:8000 "POST /chat HTTP/1.1" 200 79
2026-08-11 16:16:01,532  DEBUG  Starting new HTTP connection (1): localhost:8000
2026-08-11 16:16:07,231  DEBUG  http://localhost:8000 "POST /chat HTTP/1.1" 200 28
2026-08-11 16:16:07,232  DEBUG  Starting new HTTP connection (1): localhost:8000
2026-08-11 16:16:12,961  DEBUG  http://localhost:8000 "POST /chat HTTP/1.1" 200 28
2026-08-11 16:16:12,965  DEBUG  Starting new HTTP connection (1): localhost:8000
2026-08-11 16:16:18,757  DEBUG  http://localhost:8000 "POST /chat HTTP/1.1" 200 28
2026-08-11 16:16:18,763  DEBUG  Starting new HTTP connection (1): localhost:8000
2026-08-11 16:16:29,401  DEBUG  http://localhost:8000 "POST /chat HTTP/1.1" 200 33
2026-08-11 16:16:29,402  DEBUG  Starting new HTTP connection (1): localhost:8000
2026-08-11 16:16:35,367  DEBUG  http://localhost:8000 "POST /chat HTTP/1.1" 200 32
2026-08-11 16:16:35,369  DEBUG  Starting new HTTP connection (1): localhost:8000
2026-08-11 16:16:41,158  DEBUG  http://localhost:8000 "POST /chat HTTP/1.1" 200 28
2026-08-11 16:16:41,159  DEBUG  Starting new HTTP connection (1): localhost:8000
2026-08-11 16:16:47,138  DEBUG  http://localhost:8000 "POST /chat HTTP/1.1" 200 32
2026-08-11 16:16:47,141  DEBUG  Starting new HTTP connection (1): localhost:8000
2026-08-11 16:16:59,083  DEBUG  http://localhost:8000 "POST /chat HTTP/1.1" 200 185
2026-08-11 16:16:59,085  DEBUG  Starting new HTTP connection (1): localhost:8000
2026-08-11 16:17:04,855  DEBUG  http://localhost:8000 "POST /chat HTTP/1.1" 200 28
2026-08-11 16:17:04,857  DEBUG  Starting new HTTP connection (1): localhost:8000
2026-08-11 16:17:10,859  DEBUG  http://localhost:8000 "POST /chat HTTP/1.1" 200 33
2026-08-11 16:17:10,861  DEBUG  Starting new HTTP connection (1): localhost:8000
2026-08-11 16:17:16,640  DEBUG  http://localhost:8000 "POST /chat HTTP/1.1" 200 28
2026-08-11 16:17:16,643  DEBUG  Starting new HTTP connection (1): localhost:8000
2026-08-11 16:17:22,409  DEBUG  http://localhost:8000 "POST /chat HTTP/1.1" 200 28
2026-08-11 16:17:22,412  DEBUG  Starting new HTTP connection (1): localhost:8000
2026-08-11 16:17:28,355  DEBUG  http://localhost:8000 "POST /chat HTTP/1.1" 200 33
2026-08-11 16:17:28,362  DEBUG  Starting new HTTP connection (1): localhost:8000
2026-08-11 16:17:36,462  DEBUG  http://localhost:8000 "POST /chat HTTP/1.1" 200 28
2026-08-11 16:17:36,463  DEBUG  Starting new HTTP connection (1): localhost:8000
2026-08-11 16:17:42,195  DEBUG  http://localhost:8000 "POST /chat HTTP/1.1" 200 28
2026-08-11 16:17:42,196  DEBUG  Starting new HTTP connection (1): localhost:8000
2026-08-11 16:17:48,038  DEBUG  http://localhost:8000 "POST /chat HTTP/1.1" 200 28
2026-08-11 16:17:48,040  DEBUG  Starting new HTTP connection (1): localhost:8000
2026-08-11 16:17:53,773  DEBUG  http://localhost:8000 "POST /chat HTTP/1.1" 200 28
2026-08-11 16:17:53,776  DEBUG  Starting new HTTP connection (1): localhost:8000
2026-08-11 16:17:59,582  DEBUG  http://localhost:8000 "POST /chat HTTP/1.1" 200 28
2026-08-11 16:17:59,583  DEBUG  Starting new HTTP connection (1): localhost:8000
2026-08-11 16:18:05,372  DEBUG  http://localhost:8000 "POST /chat HTTP/1.1" 200 28
2026-08-11 16:18:05,374  DEBUG  Starting new HTTP connection (1): localhost:8000
2026-08-11 16:18:11,168  DEBUG  http://localhost:8000 "POST /chat HTTP/1.1" 200 28
2026-08-11 16:18:11,169  DEBUG  Starting new HTTP connection (1): localhost:8000
2026-08-11 16:18:16,935  DEBUG  http://localhost:8000 "POST /chat HTTP/1.1" 200 28
2026-08-11 16:18:16,942  DEBUG  Starting new HTTP connection (1): localhost:8000
2026-08-11 16:18:22,658  DEBUG  http://localhost:8000 "POST /chat HTTP/1.1" 200 28
2026-08-11 16:18:22,659  DEBUG  Starting new HTTP connection (1): localhost:8000
2026-08-11 16:18:28,336  DEBUG  http://localhost:8000 "POST /chat HTTP/1.1" 200 28
2026-08-11 16:18:28,340  DEBUG  Starting new HTTP connection (1): localhost:8000
2026-08-11 16:19:16,606  DEBUG  http://localhost:8000 "POST /chat HTTP/1.1" 200 706
2026-08-11 16:19:16,611  DEBUG  Starting new HTTP connection (1): localhost:8000
2026-08-11 16:19:34,524  DEBUG  http://localhost:8000 "POST /chat HTTP/1.1" 200 226
2026-08-11 16:19:34,525  DEBUG  Starting new HTTP connection (1): localhost:8000
2026-08-11 16:32:24,930  DEBUG  http://localhost:8000 "POST /chat HTTP/1.1" 200 359
2026-08-11 16:32:24,935  DEBUG  Starting new HTTP connection (1): localhost:8000
2026-08-11 16:32:54,624  DEBUG  http://localhost:8000 "POST /chat HTTP/1.1" 200 394
2026-08-11 16:32:54,626  DEBUG  Starting new HTTP connection (1): localhost:8000
2026-08-11 16:33:22,706  DEBUG  http://localhost:8000 "POST /chat HTTP/1.1" 200 417
2026-08-11 16:33:22,708  DEBUG  Starting new HTTP connection (1): localhost:8000
2026-08-11 16:34:22,835  DEBUG  http://localhost:8000 "POST /chat HTTP/1.1" 200 915
2026-08-11 16:34:22,839  DEBUG  Starting new HTTP connection (1): localhost:8000
2026-08-11 16:34:50,965  DEBUG  http://localhost:8000 "POST /chat HTTP/1.1" 200 397
2026-08-11 16:34:50,966  DEBUG  Starting new HTTP connection (1): localhost:8000
2026-08-11 16:35:17,088  DEBUG  http://localhost:8000 "POST /chat HTTP/1.1" 200 357
2026-08-11 16:35:17,090  DEBUG  Starting new HTTP connection (1): localhost:8000
2026-08-11 16:35:44,390  DEBUG  http://localhost:8000 "POST /chat HTTP/1.1" 200 399
2026-08-11 16:35:44,393  DEBUG  Starting new HTTP connection (1): localhost:8000
2026-08-11 16:36:04,338  DEBUG  http://localhost:8000 "POST /chat HTTP/1.1" 200 310
2026-08-11 16:36:04,343  DEBUG  Starting new HTTP connection (1): localhost:8000
2026-08-11 16:36:17,839  DEBUG  http://localhost:8000 "POST /chat HTTP/1.1" 200 145
2026-08-11 16:36:17,842  DEBUG  Starting new HTTP connection (1): localhost:8000
2026-08-11 16:36:24,992  DEBUG  http://localhost:8000 "POST /chat HTTP/1.1" 200 64
2026-08-11 16:36:24,994  DEBUG  Starting new HTTP connection (1): localhost:8000
2026-08-11 16:36:43,774  DEBUG  http://localhost:8000 "POST /chat HTTP/1.1" 200 324
2026-08-11 16:36:43,775  DEBUG  Starting new HTTP connection (1): localhost:8000
2026-08-11 16:36:51,380  DEBUG  http://localhost:8000 "POST /chat HTTP/1.1" 200 76
2026-08-11 16:36:51,382  DEBUG  Starting new HTTP connection (1): localhost:8000
2026-08-11 16:36:58,381  DEBUG  http://localhost:8000 "POST /chat HTTP/1.1" 200 60
2026-08-11 16:36:58,383  DEBUG  Starting new HTTP connection (1): localhost:8000
2026-08-11 16:37:11,674  DEBUG  http://localhost:8000 "POST /chat HTTP/1.1" 200 206
2026-08-11 16:37:11,676  DEBUG  Starting new HTTP connection (1): localhost:8000
2026-08-11 16:37:26,286  DEBUG  http://localhost:8000 "POST /chat HTTP/1.1" 200 248
2026-08-11 16:37:26,288  DEBUG  Starting new HTTP connection (1): localhost:8000
2026-08-11 16:37:42,710  DEBUG  http://localhost:8000 "POST /chat HTTP/1.1" 200 280
2026-08-11 16:37:42,712  DEBUG  Starting new HTTP connection (1): localhost:8000
2026-08-11 16:37:52,700  DEBUG  http://localhost:8000 "POST /chat HTTP/1.1" 200 141
2026-08-11 16:37:52,702  DEBUG  Starting new HTTP connection (1): localhost:8000
2026-08-11 16:38:02,467  DEBUG  http://localhost:8000 "POST /chat HTTP/1.1" 200 134
2026-08-11 16:38:02,475  DEBUG  Starting new HTTP connection (1): localhost:8000
2026-08-11 16:38:11,224  DEBUG  http://localhost:8000 "POST /chat HTTP/1.1" 200 28
2026-08-11 16:38:11,226  DEBUG  Starting new HTTP connection (1): localhost:8000
2026-08-11 16:38:16,970  DEBUG  http://localhost:8000 "POST /chat HTTP/1.1" 200 28
2026-08-11 16:38:16,973  DEBUG  Starting new HTTP connection (1): localhost:8000
2026-08-11 16:38:22,765  DEBUG  http://localhost:8000 "POST /chat HTTP/1.1" 200 28
2026-08-11 16:38:22,768  DEBUG  Starting new HTTP connection (1): localhost:8000
2026-08-11 16:38:28,536  DEBUG  http://localhost:8000 "POST /chat HTTP/1.1" 200 28
2026-08-11 16:38:28,537  DEBUG  Starting new HTTP connection (1): localhost:8000
2026-08-11 16:38:34,287  DEBUG  http://localhost:8000 "POST /chat HTTP/1.1" 200 28
2026-08-11 16:38:34,294  DEBUG  Starting new HTTP connection (1): localhost:8000
2026-08-11 16:38:40,229  DEBUG  http://localhost:8000 "POST /chat HTTP/1.1" 200 29
2026-08-11 16:38:40,235  DEBUG  Starting new HTTP connection (1): localhost:8000
2026-08-11 16:38:45,977  DEBUG  http://localhost:8000 "POST /chat HTTP/1.1" 200 28
2026-08-11 16:38:45,979  DEBUG  Starting new HTTP connection (1): localhost:8000
2026-08-11 16:38:51,754  DEBUG  http://localhost:8000 "POST /chat HTTP/1.1" 200 28
2026-08-11 16:38:51,760  DEBUG  Starting new HTTP connection (1): localhost:8000
2026-08-11 16:38:57,542  DEBUG  http://localhost:8000 "POST /chat HTTP/1.1" 200 28
2026-08-11 16:38:57,545  DEBUG  Starting new HTTP connection (1): localhost:8000
2026-08-11 16:39:03,486  DEBUG  http://localhost:8000 "POST /chat HTTP/1.1" 200 29
2026-08-11 16:39:03,490  DEBUG  Starting new HTTP connection (1): localhost:8000
2026-08-11 16:39:13,115  DEBUG  http://localhost:8000 "POST /chat HTTP/1.1" 200 28
2026-08-11 16:39:13,117  DEBUG  Starting new HTTP connection (1): localhost:8000
2026-08-11 16:39:18,855  DEBUG  http://localhost:8000 "POST /chat HTTP/1.1" 200 28
2026-08-11 16:39:18,856  DEBUG  Starting new HTTP connection (1): localhost:8000
2026-08-11 16:39:24,617  DEBUG  http://localhost:8000 "POST /chat HTTP/1.1" 200 28
2026-08-11 16:39:24,618  DEBUG  Starting new HTTP connection (1): localhost:8000
2026-08-11 16:39:30,366  DEBUG  http://localhost:8000 "POST /chat HTTP/1.1" 200 28
2026-08-11 16:39:30,368  DEBUG  Starting new HTTP connection (1): localhost:8000
2026-08-11 16:39:36,223  DEBUG  http://localhost:8000 "POST /chat HTTP/1.1" 200 28
2026-08-11 16:39:36,225  DEBUG  Starting new HTTP connection (1): localhost:8000
2026-08-11 16:39:42,047  DEBUG  http://localhost:8000 "POST /chat HTTP/1.1" 200 28
2026-08-11 16:39:42,048  DEBUG  Starting new HTTP connection (1): localhost:8000
2026-08-11 16:39:47,822  DEBUG  http://localhost:8000 "POST /chat HTTP/1.1" 200 28
2026-08-11 16:39:47,824  DEBUG  Starting new HTTP connection (1): localhost:8000
2026-08-11 16:39:53,625  DEBUG  http://localhost:8000 "POST /chat HTTP/1.1" 200 28
2026-08-11 16:39:53,626  DEBUG  Starting new HTTP connection (1): localhost:8000
2026-08-11 16:39:59,423  DEBUG  http://localhost:8000 "POST /chat HTTP/1.1" 200 28
2026-08-11 16:39:59,426  DEBUG  Starting new HTTP connection (1): localhost:8000
2026-08-11 16:40:05,224  DEBUG  http://localhost:8000 "POST /chat HTTP/1.1" 200 28
2026-08-11 16:40:05,229  DEBUG  Starting new HTTP connection (1): localhost:8000
2026-08-11 16:40:15,939  DEBUG  http://localhost:8000 "POST /chat HTTP/1.1" 200 28
2026-08-11 16:40:15,940  DEBUG  Starting new HTTP connection (1): localhost:8000
2026-08-11 16:40:21,888  DEBUG  http://localhost:8000 "POST /chat HTTP/1.1" 200 29
2026-08-11 16:40:21,889  DEBUG  Starting new HTTP connection (1): localhost:8000
2026-08-11 16:40:27,677  DEBUG  http://localhost:8000 "POST /chat HTTP/1.1" 200 28
2026-08-11 16:40:27,679  DEBUG  Starting new HTTP connection (1): localhost:8000
2026-08-11 16:40:33,492  DEBUG  http://localhost:8000 "POST /chat HTTP/1.1" 200 28
2026-08-11 16:40:33,495  DEBUG  Starting new HTTP connection (1): localhost:8000
2026-08-11 16:40:39,461  DEBUG  http://localhost:8000 "POST /chat HTTP/1.1" 200 29
2026-08-11 16:40:39,463  DEBUG  Starting new HTTP connection (1): localhost:8000
2026-08-11 16:40:45,406  DEBUG  http://localhost:8000 "POST /chat HTTP/1.1" 200 29
2026-08-11 16:40:45,410  DEBUG  Starting new HTTP connection (1): localhost:8000
2026-08-11 16:40:51,241  DEBUG  http://localhost:8000 "POST /chat HTTP/1.1" 200 28
2026-08-11 16:40:51,242  DEBUG  Starting new HTTP connection (1): localhost:8000
2026-08-11 16:40:57,187  DEBUG  http://localhost:8000 "POST /chat HTTP/1.1" 200 29
2026-08-11 16:40:57,188  DEBUG  Starting new HTTP connection (1): localhost:8000
2026-08-11 16:41:02,973  DEBUG  http://localhost:8000 "POST /chat HTTP/1.1" 200 28
2026-08-11 16:41:02,975  DEBUG  Starting new HTTP connection (1): localhost:8000
2026-08-11 16:41:08,732  DEBUG  http://localhost:8000 "POST /chat HTTP/1.1" 200 28
2026-08-11 16:41:08,739  DEBUG  Starting new HTTP connection (1): localhost:8000
2026-08-11 16:41:33,353  DEBUG  http://localhost:8000 "POST /chat HTTP/1.1" 200 160
2026-08-11 16:41:33,356  DEBUG  Starting new HTTP connection (1): localhost:8000
2026-08-11 16:41:44,024  DEBUG  http://localhost:8000 "POST /chat HTTP/1.1" 200 145
2026-08-11 16:41:44,026  DEBUG  Starting new HTTP connection (1): localhost:8000
2026-08-11 16:41:52,555  DEBUG  http://localhost:8000 "POST /chat HTTP/1.1" 200 95
2026-08-11 16:41:52,558  DEBUG  Starting new HTTP connection (1): localhost:8000
2026-08-11 16:42:05,559  DEBUG  http://localhost:8000 "POST /chat HTTP/1.1" 200 198
2026-08-11 16:42:05,561  DEBUG  Starting new HTTP connection (1): localhost:8000
2026-08-11 16:42:16,840  DEBUG  http://localhost:8000 "POST /chat HTTP/1.1" 200 149
2026-08-11 16:42:16,842  DEBUG  Starting new HTTP connection (1): localhost:8000
2026-08-11 16:42:29,313  DEBUG  http://localhost:8000 "POST /chat HTTP/1.1" 200 166
2026-08-11 16:42:29,315  DEBUG  Starting new HTTP connection (1): localhost:8000
2026-08-11 16:42:38,390  DEBUG  http://localhost:8000 "POST /chat HTTP/1.1" 200 100
2026-08-11 16:42:38,391  DEBUG  Starting new HTTP connection (1): localhost:8000
2026-08-11 16:42:49,486  DEBUG  http://localhost:8000 "POST /chat HTTP/1.1" 200 149
2026-08-11 16:42:49,489  DEBUG  Starting new HTTP connection (1): localhost:8000
2026-08-11 16:42:58,375  DEBUG  http://localhost:8000 "POST /chat HTTP/1.1" 200 98
2026-08-11 16:42:58,377  DEBUG  Starting new HTTP connection (1): localhost:8000
2026-08-11 16:43:06,621  DEBUG  http://localhost:8000 "POST /chat HTTP/1.1" 200 78
2026-08-11 16:43:06,629  DEBUG  Starting new HTTP connection (1): localhost:8000
2026-08-11 16:43:22,157  DEBUG  http://localhost:8000 "POST /chat HTTP/1.1" 200 236
2026-08-11 16:43:22,159  DEBUG  Starting new HTTP connection (1): localhost:8000
2026-08-11 16:43:35,181  DEBUG  http://localhost:8000 "POST /chat HTTP/1.1" 200 199
2026-08-11 16:43:35,183  DEBUG  Starting new HTTP connection (1): localhost:8000
2026-08-11 16:43:44,407  DEBUG  http://localhost:8000 "POST /chat HTTP/1.1" 200 114
2026-08-11 16:43:44,413  DEBUG  Starting new HTTP connection (1): localhost:8000
2026-08-11 16:43:53,584  DEBUG  http://localhost:8000 "POST /chat HTTP/1.1" 200 96
2026-08-11 16:43:53,586  DEBUG  Starting new HTTP connection (1): localhost:8000
2026-08-11 16:44:09,098  DEBUG  http://localhost:8000 "POST /chat HTTP/1.1" 200 241
2026-08-11 16:44:09,100  DEBUG  Starting new HTTP connection (1): localhost:8000
2026-08-11 16:44:19,109  DEBUG  http://localhost:8000 "POST /chat HTTP/1.1" 200 136
2026-08-11 16:44:19,111  DEBUG  Starting new HTTP connection (1): localhost:8000
2026-08-11 16:44:25,817  DEBUG  http://localhost:8000 "POST /chat HTTP/1.1" 200 50
2026-08-11 16:44:25,819  DEBUG  Starting new HTTP connection (1): localhost:8000
2026-08-11 16:44:35,001  DEBUG  http://localhost:8000 "POST /chat HTTP/1.1" 200 108
2026-08-11 16:44:35,003  DEBUG  Starting new HTTP connection (1): localhost:8000
2026-08-11 16:44:44,526  DEBUG  http://localhost:8000 "POST /chat HTTP/1.1" 200 129
2026-08-11 16:44:44,528  DEBUG  Starting new HTTP connection (1): localhost:8000
2026-08-11 16:44:57,385  DEBUG  http://localhost:8000 "POST /chat HTTP/1.1" 200 216
2026-08-11 16:44:57,390  DEBUG  Starting new HTTP connection (1): localhost:8000
2026-08-11 16:45:05,547  DEBUG  http://localhost:8000 "POST /chat HTTP/1.1" 200 33
2026-08-11 16:45:05,549  DEBUG  Starting new HTTP connection (1): localhost:8000
2026-08-11 16:45:11,297  DEBUG  http://localhost:8000 "POST /chat HTTP/1.1" 200 28
2026-08-11 16:45:11,298  DEBUG  Starting new HTTP connection (1): localhost:8000
2026-08-11 16:45:17,064  DEBUG  http://localhost:8000 "POST /chat HTTP/1.1" 200 28
2026-08-11 16:45:17,066  DEBUG  Starting new HTTP connection (1): localhost:8000
2026-08-11 16:45:23,039  DEBUG  http://localhost:8000 "POST /chat HTTP/1.1" 200 33
2026-08-11 16:45:23,041  DEBUG  Starting new HTTP connection (1): localhost:8000
2026-08-11 16:45:28,801  DEBUG  http://localhost:8000 "POST /chat HTTP/1.1" 200 28
2026-08-11 16:45:28,803  DEBUG  Starting new HTTP connection (1): localhost:8000
2026-08-11 16:45:34,575  DEBUG  http://localhost:8000 "POST /chat HTTP/1.1" 200 28
2026-08-11 16:45:34,577  DEBUG  Starting new HTTP connection (1): localhost:8000
2026-08-11 16:45:40,332  DEBUG  http://localhost:8000 "POST /chat HTTP/1.1" 200 28
2026-08-11 16:45:40,333  DEBUG  Starting new HTTP connection (1): localhost:8000
2026-08-11 16:45:46,075  DEBUG  http://localhost:8000 "POST /chat HTTP/1.1" 200 28
2026-08-11 16:45:46,076  DEBUG  Starting new HTTP connection (1): localhost:8000
2026-08-11 16:45:51,866  DEBUG  http://localhost:8000 "POST /chat HTTP/1.1" 200 28
2026-08-11 16:45:51,868  DEBUG  Starting new HTTP connection (1): localhost:8000
2026-08-11 16:45:57,656  DEBUG  http://localhost:8000 "POST /chat HTTP/1.1" 200 28
2026-08-11 16:45:57,666  DEBUG  Starting new HTTP connection (1): localhost:8000
2026-08-11 16:46:05,440  DEBUG  http://localhost:8000 "POST /chat HTTP/1.1" 200 28
2026-08-11 16:46:05,441  DEBUG  Starting new HTTP connection (1): localhost:8000
2026-08-11 16:46:14,453  DEBUG  http://localhost:8000 "POST /chat HTTP/1.1" 200 113
2026-08-11 16:46:14,459  DEBUG  Starting new HTTP connection (1): localhost:8000
2026-08-11 16:46:20,218  DEBUG  http://localhost:8000 "POST /chat HTTP/1.1" 200 28
2026-08-11 16:46:20,219  DEBUG  Starting new HTTP connection (1): localhost:8000
2026-08-11 16:46:25,801  DEBUG  http://localhost:8000 "POST /chat HTTP/1.1" 200 20
2026-08-11 16:46:25,802  DEBUG  Starting new HTTP connection (1): localhost:8000
2026-08-11 16:46:31,568  DEBUG  http://localhost:8000 "POST /chat HTTP/1.1" 200 24
2026-08-11 16:46:31,570  DEBUG  Starting new HTTP connection (1): localhost:8000
2026-08-11 16:46:42,410  DEBUG  http://localhost:8000 "POST /chat HTTP/1.1" 200 173
2026-08-11 16:46:42,412  DEBUG  Starting new HTTP connection (1): localhost:8000
2026-08-11 16:46:52,062  DEBUG  http://localhost:8000 "POST /chat HTTP/1.1" 200 143
2026-08-11 16:46:52,064  DEBUG  Starting new HTTP connection (1): localhost:8000
2026-08-11 16:46:57,845  DEBUG  http://localhost:8000 "POST /chat HTTP/1.1" 200 28
2026-08-11 16:46:57,850  DEBUG  Starting new HTTP connection (1): localhost:8000
2026-08-11 16:47:03,623  DEBUG  http://localhost:8000 "POST /chat HTTP/1.1" 200 24
2026-08-11 16:47:03,624  DEBUG  Starting new HTTP connection (1): localhost:8000
2026-08-11 16:47:14,469  DEBUG  http://localhost:8000 "POST /chat HTTP/1.1" 200 157
2026-08-11 16:47:14,477  DEBUG  Starting new HTTP connection (1): localhost:8000
2026-08-11 16:47:22,820  DEBUG  http://localhost:8000 "POST /chat HTTP/1.1" 200 28
2026-08-11 16:47:22,821  DEBUG  Starting new HTTP connection (1): localhost:8000
2026-08-11 16:47:28,602  DEBUG  http://localhost:8000 "POST /chat HTTP/1.1" 200 28
2026-08-11 16:47:28,608  DEBUG  Starting new HTTP connection (1): localhost:8000
2026-08-11 16:47:34,392  DEBUG  http://localhost:8000 "POST /chat HTTP/1.1" 200 28
2026-08-11 16:47:34,393  DEBUG  Starting new HTTP connection (1): localhost:8000
2026-08-11 16:47:40,174  DEBUG  http://localhost:8000 "POST /chat HTTP/1.1" 200 28
2026-08-11 16:47:40,175  DEBUG  Starting new HTTP connection (1): localhost:8000
2026-08-11 16:47:45,934  DEBUG  http://localhost:8000 "POST /chat HTTP/1.1" 200 28
2026-08-11 16:47:45,935  DEBUG  Starting new HTTP connection (1): localhost:8000
2026-08-11 16:47:51,661  DEBUG  http://localhost:8000 "POST /chat HTTP/1.1" 200 28
2026-08-11 16:47:51,666  DEBUG  Starting new HTTP connection (1): localhost:8000
2026-08-11 16:47:57,403  DEBUG  http://localhost:8000 "POST /chat HTTP/1.1" 200 28
2026-08-11 16:47:57,404  DEBUG  Starting new HTTP connection (1): localhost:8000
2026-08-11 16:48:03,128  DEBUG  http://localhost:8000 "POST /chat HTTP/1.1" 200 28
2026-08-11 16:48:03,134  DEBUG  Starting new HTTP connection (1): localhost:8000
2026-08-11 16:48:08,894  DEBUG  http://localhost:8000 "POST /chat HTTP/1.1" 200 28
2026-08-11 16:48:08,896  DEBUG  Starting new HTTP connection (1): localhost:8000
2026-08-11 16:48:14,663  DEBUG  http://localhost:8000 "POST /chat HTTP/1.1" 200 28
2026-08-11 16:48:14,666  DEBUG  Starting new HTTP connection (1): localhost:8000
2026-08-11 16:48:24,733  DEBUG  http://localhost:8000 "POST /chat HTTP/1.1" 200 60
2026-08-11 16:48:24,734  DEBUG  Starting new HTTP connection (1): localhost:8000
2026-08-11 16:48:34,307  DEBUG  http://localhost:8000 "POST /chat HTTP/1.1" 200 138
2026-08-11 16:48:34,308  DEBUG  Starting new HTTP connection (1): localhost:8000
2026-08-11 16:48:41,907  DEBUG  http://localhost:8000 "POST /chat HTTP/1.1" 200 99
2026-08-11 16:48:41,909  DEBUG  Starting new HTTP connection (1): localhost:8000
2026-08-11 16:48:51,939  DEBUG  http://localhost:8000 "POST /chat HTTP/1.1" 200 114
2026-08-11 16:48:51,940  DEBUG  Starting new HTTP connection (1): localhost:8000
2026-08-11 16:49:00,841  DEBUG  http://localhost:8000 "POST /chat HTTP/1.1" 200 127
2026-08-11 16:49:00,848  DEBUG  Starting new HTTP connection (1): localhost:8000
2026-08-11 18:44:05,213  DEBUG  http://localhost:8000 "POST /chat HTTP/1.1" 200 108
2026-08-11 18:44:05,215  DEBUG  Starting new HTTP connection (1): localhost:8000
2026-08-11 18:44:11,602  DEBUG  http://localhost:8000 "POST /chat HTTP/1.1" 200 33
2026-08-11 18:44:11,603  DEBUG  Starting new HTTP connection (1): localhost:8000
2026-08-11 18:44:23,984  DEBUG  http://localhost:8000 "POST /chat HTTP/1.1" 200 144
2026-08-11 18:44:23,986  DEBUG  Starting new HTTP connection (1): localhost:8000
2026-08-11 18:44:39,574  DEBUG  http://localhost:8000 "POST /chat HTTP/1.1" 200 273
2026-08-11 18:44:39,576  DEBUG  Starting new HTTP connection (1): localhost:8000
2026-08-11 18:44:48,460  DEBUG  http://localhost:8000 "POST /chat HTTP/1.1" 200 113
2026-08-11 18:44:48,468  DEBUG  Starting new HTTP connection (1): localhost:8000
2026-08-11 18:44:56,010  DEBUG  http://localhost:8000 "POST /chat HTTP/1.1" 200 28
2026-08-11 18:44:56,011  DEBUG  Starting new HTTP connection (1): localhost:8000
2026-08-11 18:45:04,970  DEBUG  http://localhost:8000 "POST /chat HTTP/1.1" 200 90
2026-08-11 18:45:04,972  DEBUG  Starting new HTTP connection (1): localhost:8000
2026-08-11 18:45:10,754  DEBUG  http://localhost:8000 "POST /chat HTTP/1.1" 200 28
2026-08-11 18:45:10,756  DEBUG  Starting new HTTP connection (1): localhost:8000
2026-08-11 18:45:16,750  DEBUG  http://localhost:8000 "POST /chat HTTP/1.1" 200 29
2026-08-11 18:45:16,751  DEBUG  Starting new HTTP connection (1): localhost:8000
2026-08-11 18:45:22,535  DEBUG  http://localhost:8000 "POST /chat HTTP/1.1" 200 28
2026-08-11 18:45:22,542  DEBUG  Starting new HTTP connection (1): localhost:8000
2026-08-11 18:45:28,326  DEBUG  http://localhost:8000 "POST /chat HTTP/1.1" 200 28
2026-08-11 18:45:28,332  DEBUG  Starting new HTTP connection (1): localhost:8000
2026-08-11 18:45:43,411  DEBUG  http://localhost:8000 "POST /chat HTTP/1.1" 200 224
2026-08-11 18:45:43,413  DEBUG  Starting new HTTP connection (1): localhost:8000
2026-08-11 18:45:49,220  DEBUG  http://localhost:8000 "POST /chat HTTP/1.1" 200 28
2026-08-11 18:45:49,222  DEBUG  Starting new HTTP connection (1): localhost:8000
2026-08-11 18:45:55,250  DEBUG  http://localhost:8000 "POST /chat HTTP/1.1" 200 33
2026-08-11 18:45:55,251  DEBUG  Starting new HTTP connection (1): localhost:8000
2026-08-11 18:46:02,814  DEBUG  http://localhost:8000 "POST /chat HTTP/1.1" 200 65
2026-08-11 18:46:02,819  DEBUG  Starting new HTTP connection (1): localhost:8000
2026-08-11 18:46:10,571  DEBUG  http://localhost:8000 "POST /chat HTTP/1.1" 200 28
2026-08-11 18:46:10,573  DEBUG  Starting new HTTP connection (1): localhost:8000
2026-08-11 18:46:16,371  DEBUG  http://localhost:8000 "POST /chat HTTP/1.1" 200 28
2026-08-11 18:46:16,373  DEBUG  Starting new HTTP connection (1): localhost:8000
2026-08-11 18:46:22,172  DEBUG  http://localhost:8000 "POST /chat HTTP/1.1" 200 28
2026-08-11 18:46:22,173  DEBUG  Starting new HTTP connection (1): localhost:8000
2026-08-11 18:46:27,937  DEBUG  http://localhost:8000 "POST /chat HTTP/1.1" 200 28
2026-08-11 18:46:27,943  DEBUG  Starting new HTTP connection (1): localhost:8000
2026-08-11 18:46:33,734  DEBUG  http://localhost:8000 "POST /chat HTTP/1.1" 200 28
2026-08-11 18:46:33,735  DEBUG  Starting new HTTP connection (1): localhost:8000
2026-08-11 18:46:39,496  DEBUG  http://localhost:8000 "POST /chat HTTP/1.1" 200 28
2026-08-11 18:46:39,498  DEBUG  Starting new HTTP connection (1): localhost:8000
2026-08-11 18:46:45,274  DEBUG  http://localhost:8000 "POST /chat HTTP/1.1" 200 28
2026-08-11 18:46:45,280  DEBUG  Starting new HTTP connection (1): localhost:8000
2026-08-11 18:46:51,053  DEBUG  http://localhost:8000 "POST /chat HTTP/1.1" 200 28
2026-08-11 18:46:51,054  DEBUG  Starting new HTTP connection (1): localhost:8000
2026-08-11 18:46:56,827  DEBUG  http://localhost:8000 "POST /chat HTTP/1.1" 200 28
2026-08-11 18:46:56,833  DEBUG  Starting new HTTP connection (1): localhost:8000
2026-08-11 18:47:02,627  DEBUG  http://localhost:8000 "POST /chat HTTP/1.1" 200 28
2026-08-11 18:47:02,630  DEBUG  Starting new HTTP connection (1): localhost:8000
2026-08-11 18:47:11,153  DEBUG  http://localhost:8000 "POST /chat HTTP/1.1" 200 28
2026-08-11 18:47:11,155  DEBUG  Starting new HTTP connection (1): localhost:8000
2026-08-11 18:47:16,916  DEBUG  http://localhost:8000 "POST /chat HTTP/1.1" 200 28
2026-08-11 18:47:16,917  DEBUG  Starting new HTTP connection (1): localhost:8000
2026-08-11 18:47:22,676  DEBUG  http://localhost:8000 "POST /chat HTTP/1.1" 200 28
2026-08-11 18:47:22,683  DEBUG  Starting new HTTP connection (1): localhost:8000
2026-08-11 18:47:28,480  DEBUG  http://localhost:8000 "POST /chat HTTP/1.1" 200 28
2026-08-11 18:47:28,481  DEBUG  Starting new HTTP connection (1): localhost:8000
2026-08-11 18:47:34,291  DEBUG  http://localhost:8000 "POST /chat HTTP/1.1" 200 28
2026-08-11 18:47:34,294  DEBUG  Starting new HTTP connection (1): localhost:8000
2026-08-11 18:47:40,050  DEBUG  http://localhost:8000 "POST /chat HTTP/1.1" 200 28
2026-08-11 18:47:40,052  DEBUG  Starting new HTTP connection (1): localhost:8000
2026-08-11 18:47:45,852  DEBUG  http://localhost:8000 "POST /chat HTTP/1.1" 200 28
2026-08-11 18:47:45,853  DEBUG  Starting new HTTP connection (1): localhost:8000
2026-08-11 18:47:51,607  DEBUG  http://localhost:8000 "POST /chat HTTP/1.1" 200 28
2026-08-11 18:47:51,609  DEBUG  Starting new HTTP connection (1): localhost:8000
2026-08-11 18:47:57,386  DEBUG  http://localhost:8000 "POST /chat HTTP/1.1" 200 28
2026-08-11 18:47:57,387  DEBUG  Starting new HTTP connection (1): localhost:8000
2026-08-11 18:48:03,171  DEBUG  http://localhost:8000 "POST /chat HTTP/1.1" 200 28
2026-08-11 18:48:03,181  DEBUG  Starting new HTTP connection (1): localhost:8000
2026-08-11 18:48:11,132  DEBUG  http://localhost:8000 "POST /chat HTTP/1.1" 200 29
2026-08-11 18:48:11,133  DEBUG  Starting new HTTP connection (1): localhost:8000
2026-08-11 18:48:16,894  DEBUG  http://localhost:8000 "POST /chat HTTP/1.1" 200 28
2026-08-11 18:48:16,895  DEBUG  Starting new HTTP connection (1): localhost:8000
2026-08-11 18:48:22,645  DEBUG  http://localhost:8000 "POST /chat HTTP/1.1" 200 28
2026-08-11 18:48:22,647  DEBUG  Starting new HTTP connection (1): localhost:8000
2026-08-11 18:48:28,642  DEBUG  http://localhost:8000 "POST /chat HTTP/1.1" 200 29
2026-08-11 18:48:28,643  DEBUG  Starting new HTTP connection (1): localhost:8000
2026-08-11 18:48:34,612  DEBUG  http://localhost:8000 "POST /chat HTTP/1.1" 200 29
2026-08-11 18:48:34,614  DEBUG  Starting new HTTP connection (1): localhost:8000
2026-08-11 18:48:40,422  DEBUG  http://localhost:8000 "POST /chat HTTP/1.1" 200 28
2026-08-11 18:48:40,427  DEBUG  Starting new HTTP connection (1): localhost:8000
2026-08-11 18:48:46,217  DEBUG  http://localhost:8000 "POST /chat HTTP/1.1" 200 28
2026-08-11 18:48:46,219  DEBUG  Starting new HTTP connection (1): localhost:8000
2026-08-11 18:48:52,046  DEBUG  http://localhost:8000 "POST /chat HTTP/1.1" 200 28
2026-08-11 18:48:52,051  DEBUG  Starting new HTTP connection (1): localhost:8000
2026-08-11 18:48:58,089  DEBUG  http://localhost:8000 "POST /chat HTTP/1.1" 200 29
2026-08-11 18:48:58,090  DEBUG  Starting new HTTP connection (1): localhost:8000
2026-08-11 18:49:04,101  DEBUG  http://localhost:8000 "POST /chat HTTP/1.1" 200 29
2026-08-11 18:49:04,104  DEBUG  Starting new HTTP connection (1): localhost:8000
2026-08-11 18:49:12,504  DEBUG  http://localhost:8000 "POST /chat HTTP/1.1" 200 28
2026-08-11 18:49:12,506  DEBUG  Starting new HTTP connection (1): localhost:8000
2026-08-11 18:49:18,347  DEBUG  http://localhost:8000 "POST /chat HTTP/1.1" 200 28
2026-08-11 18:49:18,348  DEBUG  Starting new HTTP connection (1): localhost:8000
2026-08-11 18:49:24,117  DEBUG  http://localhost:8000 "POST /chat HTTP/1.1" 200 28
2026-08-11 18:49:24,119  DEBUG  Starting new HTTP connection (1): localhost:8000
2026-08-11 18:49:29,863  DEBUG  http://localhost:8000 "POST /chat HTTP/1.1" 200 28
2026-08-11 18:49:29,865  DEBUG  Starting new HTTP connection (1): localhost:8000
2026-08-11 18:49:35,639  DEBUG  http://localhost:8000 "POST /chat HTTP/1.1" 200 28
2026-08-11 18:49:35,641  DEBUG  Starting new HTTP connection (1): localhost:8000
2026-08-11 18:49:53,700  DEBUG  http://localhost:8000 "POST /chat HTTP/1.1" 200 359
2026-08-11 18:49:53,702  DEBUG  Starting new HTTP connection (1): localhost:8000
2026-08-11 18:49:59,503  DEBUG  http://localhost:8000 "POST /chat HTTP/1.1" 200 28
2026-08-11 18:49:59,504  DEBUG  Starting new HTTP connection (1): localhost:8000
2026-08-11 18:50:05,275  DEBUG  http://localhost:8000 "POST /chat HTTP/1.1" 200 28
2026-08-11 18:50:05,276  DEBUG  Starting new HTTP connection (1): localhost:8000
2026-08-11 18:50:11,437  DEBUG  http://localhost:8000 "POST /chat HTTP/1.1" 200 32
2026-08-11 18:50:11,439  DEBUG  Starting new HTTP connection (1): localhost:8000
2026-08-11 18:50:17,189  DEBUG  http://localhost:8000 "POST /chat HTTP/1.1" 200 28
2026-08-11 18:50:17,193  DEBUG  Starting new HTTP connection (1): localhost:8000
2026-08-11 18:50:24,967  DEBUG  http://localhost:8000 "POST /chat HTTP/1.1" 200 33
2026-08-11 18:50:24,968  DEBUG  Starting new HTTP connection (1): localhost:8000
2026-08-11 18:50:45,063  DEBUG  http://localhost:8000 "POST /chat HTTP/1.1" 200 318
2026-08-11 18:50:45,064  DEBUG  Starting new HTTP connection (1): localhost:8000
2026-08-11 18:50:51,053  DEBUG  http://localhost:8000 "POST /chat HTTP/1.1" 200 33
2026-08-11 18:50:51,055  DEBUG  Starting new HTTP connection (1): localhost:8000
2026-08-11 18:50:56,990  DEBUG  http://localhost:8000 "POST /chat HTTP/1.1" 200 32
2026-08-11 18:50:56,991  DEBUG  Starting new HTTP connection (1): localhost:8000
2026-08-11 18:51:05,307  DEBUG  http://localhost:8000 "POST /chat HTTP/1.1" 200 85
2026-08-11 18:51:05,309  DEBUG  Starting new HTTP connection (1): localhost:8000
2026-08-11 18:51:13,845  DEBUG  http://localhost:8000 "POST /chat HTTP/1.1" 200 90
2026-08-11 18:51:13,846  DEBUG  Starting new HTTP connection (1): localhost:8000
2026-08-11 18:51:22,938  DEBUG  http://localhost:8000 "POST /chat HTTP/1.1" 200 115
2026-08-11 18:51:22,940  DEBUG  Starting new HTTP connection (1): localhost:8000
2026-08-11 18:51:31,618  DEBUG  http://localhost:8000 "POST /chat HTTP/1.1" 200 92
2026-08-11 18:51:31,619  DEBUG  Starting new HTTP connection (1): localhost:8000
2026-08-11 18:51:37,391  DEBUG  http://localhost:8000 "POST /chat HTTP/1.1" 200 28
2026-08-11 18:51:37,392  DEBUG  Starting new HTTP connection (1): localhost:8000
2026-08-11 18:51:43,198  DEBUG  http://localhost:8000 "POST /chat HTTP/1.1" 200 28
2026-08-11 18:51:43,200  DEBUG  Starting new HTTP connection (1): localhost:8000
2026-08-11 18:51:54,314  DEBUG  http://localhost:8000 "POST /chat HTTP/1.1" 200 121
2026-08-11 18:51:54,315  DEBUG  Starting new HTTP connection (1): localhost:8000
2026-08-11 18:52:00,079  DEBUG  http://localhost:8000 "POST /chat HTTP/1.1" 200 28
2026-08-11 18:52:00,081  DEBUG  Starting new HTTP connection (1): localhost:8000
2026-08-11 18:52:05,846  DEBUG  http://localhost:8000 "POST /chat HTTP/1.1" 200 28
2026-08-11 18:52:05,848  DEBUG  Starting new HTTP connection (1): localhost:8000
2026-08-11 18:52:11,634  DEBUG  http://localhost:8000 "POST /chat HTTP/1.1" 200 28
2026-08-11 18:52:11,635  DEBUG  Starting new HTTP connection (1): localhost:8000
2026-08-11 18:52:17,609  DEBUG  http://localhost:8000 "POST /chat HTTP/1.1" 200 29
2026-08-11 18:52:17,610  DEBUG  Starting new HTTP connection (1): localhost:8000
2026-08-11 18:52:29,836  DEBUG  http://localhost:8000 "POST /chat HTTP/1.1" 200 187
2026-08-11 18:52:29,837  DEBUG  Starting new HTTP connection (1): localhost:8000
2026-08-11 18:52:35,775  DEBUG  http://localhost:8000 "POST /chat HTTP/1.1" 200 29
2026-08-11 18:52:35,776  DEBUG  Starting new HTTP connection (1): localhost:8000
2026-08-11 18:52:44,281  DEBUG  http://localhost:8000 "POST /chat HTTP/1.1" 200 100
2026-08-11 18:52:44,282  DEBUG  Starting new HTTP connection (1): localhost:8000
2026-08-11 18:52:50,264  DEBUG  http://localhost:8000 "POST /chat HTTP/1.1" 200 33
2026-08-11 18:52:50,265  DEBUG  Starting new HTTP connection (1): localhost:8000
2026-08-11 18:52:58,961  DEBUG  http://localhost:8000 "POST /chat HTTP/1.1" 200 96
2026-08-11 18:52:58,969  DEBUG  Starting new HTTP connection (1): localhost:8000
2026-08-11 18:53:13,705  DEBUG  http://localhost:8000 "POST /chat HTTP/1.1" 200 185
2026-08-11 18:53:13,710  DEBUG  Starting new HTTP connection (1): localhost:8000
2026-08-11 18:53:23,143  DEBUG  http://localhost:8000 "POST /chat HTTP/1.1" 200 123
2026-08-11 18:53:23,145  DEBUG  Starting new HTTP connection (1): localhost:8000
2026-08-11 18:53:32,582  DEBUG  http://localhost:8000 "POST /chat HTTP/1.1" 200 132
2026-08-11 18:53:32,583  DEBUG  Starting new HTTP connection (1): localhost:8000
2026-08-11 18:53:41,845  DEBUG  http://localhost:8000 "POST /chat HTTP/1.1" 200 121
2026-08-11 18:53:41,846  DEBUG  Starting new HTTP connection (1): localhost:8000
2026-08-11 18:53:51,739  DEBUG  http://localhost:8000 "POST /chat HTTP/1.1" 200 141
2026-08-11 18:53:51,740  DEBUG  Starting new HTTP connection (1): localhost:8000
2026-08-11 18:54:03,925  DEBUG  http://localhost:8000 "POST /chat HTTP/1.1" 200 216
2026-08-11 18:54:03,927  DEBUG  Starting new HTTP connection (1): localhost:8000
2026-08-11 18:54:14,842  DEBUG  http://localhost:8000 "POST /chat HTTP/1.1" 200 163
2026-08-11 18:54:14,843  DEBUG  Starting new HTTP connection (1): localhost:8000
2026-08-11 18:54:20,819  DEBUG  http://localhost:8000 "POST /chat HTTP/1.1" 200 32
2026-08-11 18:54:20,821  DEBUG  Starting new HTTP connection (1): localhost:8000
2026-08-11 18:54:29,681  DEBUG  http://localhost:8000 "POST /chat HTTP/1.1" 200 102
2026-08-11 18:54:29,683  DEBUG  Starting new HTTP connection (1): localhost:8000
2026-08-11 18:54:37,118  DEBUG  http://localhost:8000 "POST /chat HTTP/1.1" 200 77
2026-08-11 18:54:37,121  DEBUG  Starting new HTTP connection (1): localhost:8000
2026-08-11 18:54:44,616  DEBUG  http://localhost:8000 "POST /chat HTTP/1.1" 200 28
2026-08-11 18:54:44,617  DEBUG  Starting new HTTP connection (1): localhost:8000
2026-08-11 18:54:50,398  DEBUG  http://localhost:8000 "POST /chat HTTP/1.1" 200 28
2026-08-11 18:54:50,400  DEBUG  Starting new HTTP connection (1): localhost:8000
2026-08-11 18:54:56,146  DEBUG  http://localhost:8000 "POST /chat HTTP/1.1" 200 28
2026-08-11 18:54:56,148  DEBUG  Starting new HTTP connection (1): localhost:8000
2026-08-11 18:55:02,146  DEBUG  http://localhost:8000 "POST /chat HTTP/1.1" 200 33
2026-08-11 18:55:02,147  DEBUG  Starting new HTTP connection (1): localhost:8000
2026-08-11 18:55:08,039  DEBUG  http://localhost:8000 "POST /chat HTTP/1.1" 200 28
2026-08-11 18:55:08,040  DEBUG  Starting new HTTP connection (1): localhost:8000
2026-08-11 18:55:17,751  DEBUG  http://localhost:8000 "POST /chat HTTP/1.1" 200 120
2026-08-11 18:55:17,752  DEBUG  Starting new HTTP connection (1): localhost:8000
2026-08-11 18:55:23,514  DEBUG  http://localhost:8000 "POST /chat HTTP/1.1" 200 28
2026-08-11 18:55:23,516  DEBUG  Starting new HTTP connection (1): localhost:8000
2026-08-11 18:55:29,292  DEBUG  http://localhost:8000 "POST /chat HTTP/1.1" 200 28
2026-08-11 18:55:29,293  DEBUG  Starting new HTTP connection (1): localhost:8000
2026-08-11 18:55:37,299  DEBUG  http://localhost:8000 "POST /chat HTTP/1.1" 200 78
2026-08-11 18:55:37,300  DEBUG  Starting new HTTP connection (1): localhost:8000
2026-08-11 18:55:43,276  DEBUG  http://localhost:8000 "POST /chat HTTP/1.1" 200 29
2026-08-11 18:55:43,282  DEBUG  Starting new HTTP connection (1): localhost:8000
2026-08-11 18:55:53,793  DEBUG  http://localhost:8000 "POST /chat HTTP/1.1" 200 28
2026-08-11 18:55:53,795  DEBUG  Starting new HTTP connection (1): localhost:8000
2026-08-11 18:55:59,581  DEBUG  http://localhost:8000 "POST /chat HTTP/1.1" 200 28
2026-08-11 18:55:59,582  DEBUG  Starting new HTTP connection (1): localhost:8000
2026-08-11 18:56:05,352  DEBUG  http://localhost:8000 "POST /chat HTTP/1.1" 200 28
2026-08-11 18:56:05,353  DEBUG  Starting new HTTP connection (1): localhost:8000
2026-08-11 18:56:11,167  DEBUG  http://localhost:8000 "POST /chat HTTP/1.1" 200 28
2026-08-11 18:56:11,168  DEBUG  Starting new HTTP connection (1): localhost:8000
2026-08-11 18:56:17,000  DEBUG  http://localhost:8000 "POST /chat HTTP/1.1" 200 28
2026-08-11 18:56:17,001  DEBUG  Starting new HTTP connection (1): localhost:8000
2026-08-11 18:56:22,800  DEBUG  http://localhost:8000 "POST /chat HTTP/1.1" 200 28
2026-08-11 18:56:22,801  DEBUG  Starting new HTTP connection (1): localhost:8000
2026-08-11 18:56:28,572  DEBUG  http://localhost:8000 "POST /chat HTTP/1.1" 200 28
2026-08-11 18:56:28,573  DEBUG  Starting new HTTP connection (1): localhost:8000
2026-08-11 18:56:34,347  DEBUG  http://localhost:8000 "POST /chat HTTP/1.1" 200 28
2026-08-11 18:56:34,348  DEBUG  Starting new HTTP connection (1): localhost:8000
2026-08-11 18:56:40,156  DEBUG  http://localhost:8000 "POST /chat HTTP/1.1" 200 28
2026-08-11 18:56:40,162  DEBUG  Starting new HTTP connection (1): localhost:8000
2026-08-11 18:56:45,965  DEBUG  http://localhost:8000 "POST /chat HTTP/1.1" 200 28
2026-08-11 18:56:45,971  DEBUG  Starting new HTTP connection (1): localhost:8000
2026-08-11 18:56:55,781  DEBUG  http://localhost:8000 "POST /chat HTTP/1.1" 200 28
2026-08-11 18:56:55,782  DEBUG  Starting new HTTP connection (1): localhost:8000
2026-08-11 18:57:01,608  DEBUG  http://localhost:8000 "POST /chat HTTP/1.1" 200 28
2026-08-11 18:57:01,611  DEBUG  Starting new HTTP connection (1): localhost:8000
2026-08-11 18:57:07,416  DEBUG  http://localhost:8000 "POST /chat HTTP/1.1" 200 28
2026-08-11 18:57:07,418  DEBUG  Starting new HTTP connection (1): localhost:8000
2026-08-11 18:57:13,165  DEBUG  http://localhost:8000 "POST /chat HTTP/1.1" 200 28
2026-08-11 18:57:13,167  DEBUG  Starting new HTTP connection (1): localhost:8000
2026-08-11 18:57:18,952  DEBUG  http://localhost:8000 "POST /chat HTTP/1.1" 200 28
2026-08-11 18:57:18,955  DEBUG  Starting new HTTP connection (1): localhost:8000
2026-08-11 18:57:24,782  DEBUG  http://localhost:8000 "POST /chat HTTP/1.1" 200 28
2026-08-11 18:57:24,784  DEBUG  Starting new HTTP connection (1): localhost:8000
2026-08-11 18:57:30,568  DEBUG  http://localhost:8000 "POST /chat HTTP/1.1" 200 28
2026-08-11 18:57:30,573  DEBUG  Starting new HTTP connection (1): localhost:8000
2026-08-11 18:57:36,402  DEBUG  http://localhost:8000 "POST /chat HTTP/1.1" 200 28
2026-08-11 18:57:36,404  DEBUG  Starting new HTTP connection (1): localhost:8000
2026-08-11 18:57:42,165  DEBUG  http://localhost:8000 "POST /chat HTTP/1.1" 200 28
2026-08-11 18:57:42,167  DEBUG  Starting new HTTP connection (1): localhost:8000
2026-08-11 18:57:47,953  DEBUG  http://localhost:8000 "POST /chat HTTP/1.1" 200 28
2026-08-11 18:57:47,959  DEBUG  Starting new HTTP connection (1): localhost:8000
2026-08-11 18:57:55,605  DEBUG  http://localhost:8000 "POST /chat HTTP/1.1" 200 28
2026-08-11 18:57:55,607  DEBUG  Starting new HTTP connection (1): localhost:8000
2026-08-11 18:58:01,382  DEBUG  http://localhost:8000 "POST /chat HTTP/1.1" 200 28
2026-08-11 18:58:01,384  DEBUG  Starting new HTTP connection (1): localhost:8000
2026-08-11 18:58:07,211  DEBUG  http://localhost:8000 "POST /chat HTTP/1.1" 200 28
2026-08-11 18:58:07,212  DEBUG  Starting new HTTP connection (1): localhost:8000
2026-08-11 18:58:13,009  DEBUG  http://localhost:8000 "POST /chat HTTP/1.1" 200 28
2026-08-11 18:58:13,011  DEBUG  Starting new HTTP connection (1): localhost:8000
2026-08-11 18:58:18,797  DEBUG  http://localhost:8000 "POST /chat HTTP/1.1" 200 28
2026-08-11 18:58:18,799  DEBUG  Starting new HTTP connection (1): localhost:8000
2026-08-11 18:58:24,531  DEBUG  http://localhost:8000 "POST /chat HTTP/1.1" 200 28
2026-08-11 18:58:24,532  DEBUG  Starting new HTTP connection (1): localhost:8000
2026-08-11 18:58:30,322  DEBUG  http://localhost:8000 "POST /chat HTTP/1.1" 200 28
2026-08-11 18:58:30,327  DEBUG  Starting new HTTP connection (1): localhost:8000
2026-08-11 18:58:36,152  DEBUG  http://localhost:8000 "POST /chat HTTP/1.1" 200 28
2026-08-11 18:58:36,154  DEBUG  Starting new HTTP connection (1): localhost:8000
2026-08-11 18:58:41,945  DEBUG  http://localhost:8000 "POST /chat HTTP/1.1" 200 28
2026-08-11 18:58:41,947  DEBUG  Starting new HTTP connection (1): localhost:8000
2026-08-11 18:58:47,708  DEBUG  http://localhost:8000 "POST /chat HTTP/1.1" 200 28
2026-08-11 18:58:47,711  DEBUG  Starting new HTTP connection (1): localhost:8000
2026-08-11 18:59:16,081  DEBUG  http://localhost:8000 "POST /chat HTTP/1.1" 200 330
2026-08-11 18:59:16,083  DEBUG  Starting new HTTP connection (1): localhost:8000
2026-08-11 18:59:46,450  DEBUG  http://localhost:8000 "POST /chat HTTP/1.1" 200 442
2026-08-11 18:59:46,452  DEBUG  Starting new HTTP connection (1): localhost:8000
2026-08-11 18:59:59,826  DEBUG  http://localhost:8000 "POST /chat HTTP/1.1" 200 173
2026-08-11 18:59:59,828  DEBUG  Starting new HTTP connection (1): localhost:8000
2026-08-11 19:00:27,497  DEBUG  http://localhost:8000 "POST /chat HTTP/1.1" 200 522
2026-08-11 19:00:27,498  DEBUG  Starting new HTTP connection (1): localhost:8000
2026-08-11 19:00:39,158  DEBUG  http://localhost:8000 "POST /chat HTTP/1.1" 200 154
2026-08-11 19:00:39,160  DEBUG  Starting new HTTP connection (1): localhost:8000
2026-08-11 19:00:56,185  DEBUG  http://localhost:8000 "POST /chat HTTP/1.1" 200 243
2026-08-11 19:00:56,187  DEBUG  Starting new HTTP connection (1): localhost:8000
2026-08-11 19:01:08,350  DEBUG  http://localhost:8000 "POST /chat HTTP/1.1" 200 162
2026-08-11 19:01:08,352  DEBUG  Starting new HTTP connection (1): localhost:8000
2026-08-11 19:01:20,646  DEBUG  http://localhost:8000 "POST /chat HTTP/1.1" 200 152
2026-08-11 19:01:20,647  DEBUG  Starting new HTTP connection (1): localhost:8000
2026-08-11 19:01:35,565  DEBUG  http://localhost:8000 "POST /chat HTTP/1.1" 200 161
2026-08-11 19:01:35,566  DEBUG  Starting new HTTP connection (1): localhost:8000
2026-08-11 19:02:03,184  DEBUG  http://localhost:8000 "POST /chat HTTP/1.1" 200 416
2026-08-11 19:02:03,187  DEBUG  Starting new HTTP connection (1): localhost:8000
2026-08-11 19:02:11,093  DEBUG  http://localhost:8000 "POST /chat HTTP/1.1" 200 28
2026-08-11 19:02:11,094  DEBUG  Starting new HTTP connection (1): localhost:8000
2026-08-11 19:02:18,906  DEBUG  http://localhost:8000 "POST /chat HTTP/1.1" 200 82
2026-08-11 19:02:18,907  DEBUG  Starting new HTTP connection (1): localhost:8000
2026-08-11 19:02:27,811  DEBUG  http://localhost:8000 "POST /chat HTTP/1.1" 200 119
2026-08-11 19:02:27,813  DEBUG  Starting new HTTP connection (1): localhost:8000
2026-08-11 19:02:35,727  DEBUG  http://localhost:8000 "POST /chat HTTP/1.1" 200 84
2026-08-11 19:02:35,729  DEBUG  Starting new HTTP connection (1): localhost:8000
2026-08-11 19:02:41,643  DEBUG  http://localhost:8000 "POST /chat HTTP/1.1" 200 29
2026-08-11 19:02:41,644  DEBUG  Starting new HTTP connection (1): localhost:8000
2026-08-11 19:03:06,090  DEBUG  http://localhost:8000 "POST /chat HTTP/1.1" 200 493
2026-08-11 19:03:06,093  DEBUG  Starting new HTTP connection (1): localhost:8000
2026-08-11 19:03:12,058  DEBUG  http://localhost:8000 "POST /chat HTTP/1.1" 200 29
2026-08-11 19:03:12,059  DEBUG  Starting new HTTP connection (1): localhost:8000
2026-08-11 19:03:17,833  DEBUG  http://localhost:8000 "POST /chat HTTP/1.1" 200 28
2026-08-11 19:03:17,834  DEBUG  Starting new HTTP connection (1): localhost:8000
2026-08-11 19:03:50,756  DEBUG  http://localhost:8000 "POST /chat HTTP/1.1" 200 547
2026-08-11 19:03:50,758  DEBUG  Starting new HTTP connection (1): localhost:8000
2026-08-11 19:03:56,501  DEBUG  http://localhost:8000 "POST /chat HTTP/1.1" 200 28
2026-08-11 19:03:56,504  DEBUG  Starting new HTTP connection (1): localhost:8000
2026-08-11 19:04:04,136  DEBUG  http://localhost:8000 "POST /chat HTTP/1.1" 200 28
2026-08-11 19:04:04,138  DEBUG  Starting new HTTP connection (1): localhost:8000
2026-08-11 19:04:09,839  DEBUG  http://localhost:8000 "POST /chat HTTP/1.1" 200 28
2026-08-11 19:04:09,845  DEBUG  Starting new HTTP connection (1): localhost:8000
2026-08-11 19:04:15,548  DEBUG  http://localhost:8000 "POST /chat HTTP/1.1" 200 28
2026-08-11 19:04:15,549  DEBUG  Starting new HTTP connection (1): localhost:8000
2026-08-11 19:04:21,329  DEBUG  http://localhost:8000 "POST /chat HTTP/1.1" 200 28
2026-08-11 19:04:21,335  DEBUG  Starting new HTTP connection (1): localhost:8000
2026-08-11 19:04:27,307  DEBUG  http://localhost:8000 "POST /chat HTTP/1.1" 200 32
2026-08-11 19:04:27,309  DEBUG  Starting new HTTP connection (1): localhost:8000
2026-08-11 19:04:33,050  DEBUG  http://localhost:8000 "POST /chat HTTP/1.1" 200 28
2026-08-11 19:04:33,055  DEBUG  Starting new HTTP connection (1): localhost:8000
2026-08-11 19:04:38,812  DEBUG  http://localhost:8000 "POST /chat HTTP/1.1" 200 28
2026-08-11 19:04:38,814  DEBUG  Starting new HTTP connection (1): localhost:8000
2026-08-11 19:04:44,563  DEBUG  http://localhost:8000 "POST /chat HTTP/1.1" 200 28
2026-08-11 19:04:44,564  DEBUG  Starting new HTTP connection (1): localhost:8000
2026-08-11 19:04:50,289  DEBUG  http://localhost:8000 "POST /chat HTTP/1.1" 200 28
2026-08-11 19:04:50,291  DEBUG  Starting new HTTP connection (1): localhost:8000
2026-08-11 19:04:56,023  DEBUG  http://localhost:8000 "POST /chat HTTP/1.1" 200 28
2026-08-11 19:04:56,025  DEBUG  Starting new HTTP connection (1): localhost:8000
2026-08-11 19:05:17,369  DEBUG  http://localhost:8000 "POST /chat HTTP/1.1" 200 28
2026-08-11 19:05:17,370  DEBUG  Starting new HTTP connection (1): localhost:8000
2026-08-11 19:05:23,147  DEBUG  http://localhost:8000 "POST /chat HTTP/1.1" 200 28
2026-08-11 19:05:23,148  DEBUG  Starting new HTTP connection (1): localhost:8000
2026-08-11 19:05:28,928  DEBUG  http://localhost:8000 "POST /chat HTTP/1.1" 200 28
2026-08-11 19:05:28,929  DEBUG  Starting new HTTP connection (1): localhost:8000
2026-08-11 19:05:34,737  DEBUG  http://localhost:8000 "POST /chat HTTP/1.1" 200 28
2026-08-11 19:05:34,738  DEBUG  Starting new HTTP connection (1): localhost:8000
2026-08-11 19:05:40,507  DEBUG  http://localhost:8000 "POST /chat HTTP/1.1" 200 28
2026-08-11 19:05:40,509  DEBUG  Starting new HTTP connection (1): localhost:8000
2026-08-11 19:05:46,265  DEBUG  http://localhost:8000 "POST /chat HTTP/1.1" 200 28
2026-08-11 19:05:46,266  DEBUG  Starting new HTTP connection (1): localhost:8000
2026-08-11 19:05:52,071  DEBUG  http://localhost:8000 "POST /chat HTTP/1.1" 200 28
2026-08-11 19:05:52,072  DEBUG  Starting new HTTP connection (1): localhost:8000
2026-08-11 19:05:57,891  DEBUG  http://localhost:8000 "POST /chat HTTP/1.1" 200 28
2026-08-11 19:05:57,893  DEBUG  Starting new HTTP connection (1): localhost:8000
2026-08-11 19:06:03,705  DEBUG  http://localhost:8000 "POST /chat HTTP/1.1" 200 28
2026-08-11 19:06:03,706  DEBUG  Starting new HTTP connection (1): localhost:8000
2026-08-11 19:06:09,490  DEBUG  http://localhost:8000 "POST /chat HTTP/1.1" 200 28
2026-08-11 19:06:09,499  DEBUG  Starting new HTTP connection (1): localhost:8000
2026-08-11 19:06:17,225  DEBUG  http://localhost:8000 "POST /chat HTTP/1.1" 200 28
2026-08-11 19:06:17,227  DEBUG  Starting new HTTP connection (1): localhost:8000
2026-08-11 19:06:22,999  DEBUG  http://localhost:8000 "POST /chat HTTP/1.1" 200 28
2026-08-11 19:06:23,000  DEBUG  Starting new HTTP connection (1): localhost:8000
2026-08-11 19:06:28,768  DEBUG  http://localhost:8000 "POST /chat HTTP/1.1" 200 28
2026-08-11 19:06:28,769  DEBUG  Starting new HTTP connection (1): localhost:8000
2026-08-11 19:06:38,744  DEBUG  http://localhost:8000 "POST /chat HTTP/1.1" 200 111
2026-08-11 19:06:38,745  DEBUG  Starting new HTTP connection (1): localhost:8000
2026-08-11 19:06:44,507  DEBUG  http://localhost:8000 "POST /chat HTTP/1.1" 200 28
2026-08-11 19:06:44,509  DEBUG  Starting new HTTP connection (1): localhost:8000
2026-08-11 19:06:54,276  DEBUG  http://localhost:8000 "POST /chat HTTP/1.1" 200 119
2026-08-11 19:06:54,277  DEBUG  Starting new HTTP connection (1): localhost:8000
2026-08-11 19:07:00,027  DEBUG  http://localhost:8000 "POST /chat HTTP/1.1" 200 28
2026-08-11 19:07:00,029  DEBUG  Starting new HTTP connection (1): localhost:8000
2026-08-11 19:21:56,052  DEBUG  http://localhost:8000 "POST /chat HTTP/1.1" 200 28
2026-08-11 19:21:56,062  DEBUG  Starting new HTTP connection (1): localhost:8000
2026-08-11 19:22:01,993  DEBUG  http://localhost:8000 "POST /chat HTTP/1.1" 200 28
2026-08-11 19:22:01,994  DEBUG  Starting new HTTP connection (1): localhost:8000
2026-08-11 19:22:07,748  DEBUG  http://localhost:8000 "POST /chat HTTP/1.1" 200 28
2026-08-11 19:22:07,767  DEBUG  Starting new HTTP connection (1): localhost:8000
2026-08-11 19:22:24,609  DEBUG  http://localhost:8000 "POST /chat HTTP/1.1" 200 243
2026-08-11 19:22:24,611  DEBUG  Starting new HTTP connection (1): localhost:8000
2026-08-11 19:22:30,617  DEBUG  http://localhost:8000 "POST /chat HTTP/1.1" 200 29
2026-08-11 19:22:30,619  DEBUG  Starting new HTTP connection (1): localhost:8000
2026-08-11 19:22:36,272  DEBUG  http://localhost:8000 "POST /chat HTTP/1.1" 200 28
2026-08-11 19:22:36,273  DEBUG  Starting new HTTP connection (1): localhost:8000
2026-08-11 19:22:42,228  DEBUG  http://localhost:8000 "POST /chat HTTP/1.1" 200 29
2026-08-11 19:22:42,229  DEBUG  Starting new HTTP connection (1): localhost:8000
2026-08-11 19:22:48,014  DEBUG  http://localhost:8000 "POST /chat HTTP/1.1" 200 28
2026-08-11 19:22:48,016  DEBUG  Starting new HTTP connection (1): localhost:8000
2026-08-11 19:22:53,737  DEBUG  http://localhost:8000 "POST /chat HTTP/1.1" 200 28
2026-08-11 19:22:53,738  DEBUG  Starting new HTTP connection (1): localhost:8000
2026-08-11 19:22:59,491  DEBUG  http://localhost:8000 "POST /chat HTTP/1.1" 200 28
2026-08-11 19:22:59,493  DEBUG  Starting new HTTP connection (1): localhost:8000
2026-08-11 19:23:09,683  DEBUG  http://localhost:8000 "POST /chat HTTP/1.1" 200 135
2026-08-11 19:23:09,684  DEBUG  Starting new HTTP connection (1): localhost:8000
2026-08-11 19:23:15,410  DEBUG  http://localhost:8000 "POST /chat HTTP/1.1" 200 28
2026-08-11 19:23:15,411  DEBUG  Starting new HTTP connection (1): localhost:8000
2026-08-11 19:23:21,194  DEBUG  http://localhost:8000 "POST /chat HTTP/1.1" 200 28
2026-08-11 19:23:21,203  DEBUG  Starting new HTTP connection (1): localhost:8000
2026-08-11 19:23:28,178  DEBUG  http://localhost:8000 "POST /chat HTTP/1.1" 200 29
2026-08-11 19:23:28,180  DEBUG  Starting new HTTP connection (1): localhost:8000
2026-08-11 19:23:33,943  DEBUG  http://localhost:8000 "POST /chat HTTP/1.1" 200 28
2026-08-11 19:23:33,944  DEBUG  Starting new HTTP connection (1): localhost:8000
2026-08-11 19:23:39,712  DEBUG  http://localhost:8000 "POST /chat HTTP/1.1" 200 28
2026-08-11 19:23:39,713  DEBUG  Starting new HTTP connection (1): localhost:8000
2026-08-11 19:23:49,368  DEBUG  http://localhost:8000 "POST /chat HTTP/1.1" 200 123
2026-08-11 19:23:49,369  DEBUG  Starting new HTTP connection (1): localhost:8000
2026-08-11 19:23:55,362  DEBUG  http://localhost:8000 "POST /chat HTTP/1.1" 200 29
2026-08-11 19:23:55,363  DEBUG  Starting new HTTP connection (1): localhost:8000
2026-08-11 19:24:01,328  DEBUG  http://localhost:8000 "POST /chat HTTP/1.1" 200 29
2026-08-11 19:24:01,330  DEBUG  Starting new HTTP connection (1): localhost:8000
2026-08-11 19:24:11,005  DEBUG  http://localhost:8000 "POST /chat HTTP/1.1" 200 133
2026-08-11 19:24:11,006  DEBUG  Starting new HTTP connection (1): localhost:8000
2026-08-11 19:24:20,436  DEBUG  http://localhost:8000 "POST /chat HTTP/1.1" 200 117
2026-08-11 19:24:20,437  DEBUG  Starting new HTTP connection (1): localhost:8000
2026-08-11 19:24:26,235  DEBUG  http://localhost:8000 "POST /chat HTTP/1.1" 200 28
2026-08-11 19:24:26,236  DEBUG  Starting new HTTP connection (1): localhost:8000
2026-08-11 19:24:32,051  DEBUG  http://localhost:8000 "POST /chat HTTP/1.1" 200 28
2026-08-11 19:24:32,056  DEBUG  Starting new HTTP connection (1): localhost:8000
2026-08-11 19:24:42,905  DEBUG  http://localhost:8000 "POST /chat HTTP/1.1" 200 28
2026-08-11 19:24:42,906  DEBUG  Starting new HTTP connection (1): localhost:8000
2026-08-11 19:24:48,748  DEBUG  http://localhost:8000 "POST /chat HTTP/1.1" 200 28
2026-08-11 19:24:48,749  DEBUG  Starting new HTTP connection (1): localhost:8000
2026-08-11 19:24:54,493  DEBUG  http://localhost:8000 "POST /chat HTTP/1.1" 200 28
2026-08-11 19:24:54,494  DEBUG  Starting new HTTP connection (1): localhost:8000
2026-08-11 19:25:00,235  DEBUG  http://localhost:8000 "POST /chat HTTP/1.1" 200 28
2026-08-11 19:25:00,237  DEBUG  Starting new HTTP connection (1): localhost:8000
2026-08-11 19:25:05,982  DEBUG  http://localhost:8000 "POST /chat HTTP/1.1" 200 28
2026-08-11 19:25:05,988  DEBUG  Starting new HTTP connection (1): localhost:8000
2026-08-11 19:25:11,737  DEBUG  http://localhost:8000 "POST /chat HTTP/1.1" 200 28
2026-08-11 19:25:11,739  DEBUG  Starting new HTTP connection (1): localhost:8000
2026-08-11 19:25:17,707  DEBUG  http://localhost:8000 "POST /chat HTTP/1.1" 200 29
2026-08-11 19:25:17,709  DEBUG  Starting new HTTP connection (1): localhost:8000
2026-08-11 19:25:23,650  DEBUG  http://localhost:8000 "POST /chat HTTP/1.1" 200 29
2026-08-11 19:25:23,652  DEBUG  Starting new HTTP connection (1): localhost:8000
2026-08-11 19:25:29,594  DEBUG  http://localhost:8000 "POST /chat HTTP/1.1" 200 29
2026-08-11 19:25:29,595  DEBUG  Starting new HTTP connection (1): localhost:8000
2026-08-11 19:25:35,328  DEBUG  http://localhost:8000 "POST /chat HTTP/1.1" 200 28
2026-08-11 19:25:35,334  DEBUG  Starting new HTTP connection (1): localhost:8000
2026-08-11 19:25:44,336  DEBUG  http://localhost:8000 "POST /chat HTTP/1.1" 200 28
2026-08-11 19:25:44,337  DEBUG  Starting new HTTP connection (1): localhost:8000
2026-08-11 19:25:50,092  DEBUG  http://localhost:8000 "POST /chat HTTP/1.1" 200 28
2026-08-11 19:25:50,095  DEBUG  Starting new HTTP connection (1): localhost:8000
2026-08-11 19:25:55,864  DEBUG  http://localhost:8000 "POST /chat HTTP/1.1" 200 28
2026-08-11 19:25:55,865  DEBUG  Starting new HTTP connection (1): localhost:8000
2026-08-11 19:26:01,648  DEBUG  http://localhost:8000 "POST /chat HTTP/1.1" 200 28
2026-08-11 19:26:01,650  DEBUG  Starting new HTTP connection (1): localhost:8000
2026-08-11 19:26:07,411  DEBUG  http://localhost:8000 "POST /chat HTTP/1.1" 200 28
2026-08-11 19:26:07,412  DEBUG  Starting new HTTP connection (1): localhost:8000
2026-08-11 19:26:13,147  DEBUG  http://localhost:8000 "POST /chat HTTP/1.1" 200 28
2026-08-11 19:26:13,148  DEBUG  Starting new HTTP connection (1): localhost:8000
2026-08-11 19:26:18,918  DEBUG  http://localhost:8000 "POST /chat HTTP/1.1" 200 28
2026-08-11 19:26:18,919  DEBUG  Starting new HTTP connection (1): localhost:8000
2026-08-11 19:26:24,684  DEBUG  http://localhost:8000 "POST /chat HTTP/1.1" 200 28
2026-08-11 19:26:24,685  DEBUG  Starting new HTTP connection (1): localhost:8000
2026-08-11 19:26:30,461  DEBUG  http://localhost:8000 "POST /chat HTTP/1.1" 200 28
2026-08-11 19:26:30,466  DEBUG  Starting new HTTP connection (1): localhost:8000
2026-08-11 19:26:36,240  DEBUG  http://localhost:8000 "POST /chat HTTP/1.1" 200 28
2026-08-11 19:26:36,244  DEBUG  Starting new HTTP connection (1): localhost:8000
2026-08-11 20:27:29,296  DEBUG  http://localhost:8000 "POST /chat HTTP/1.1" 200 98
2026-08-11 20:27:29,300  DEBUG  Starting new HTTP connection (1): localhost:8000
2026-08-11 20:27:35,467  DEBUG  http://localhost:8000 "POST /chat HTTP/1.1" 200 33
2026-08-11 20:27:35,470  DEBUG  Starting new HTTP connection (1): localhost:8000
2026-08-11 20:27:43,873  DEBUG  http://localhost:8000 "POST /chat HTTP/1.1" 200 86
2026-08-11 20:27:43,875  DEBUG  Starting new HTTP connection (1): localhost:8000
2026-08-11 20:27:50,235  DEBUG  http://localhost:8000 "POST /chat HTTP/1.1" 200 43
2026-08-11 20:27:50,237  DEBUG  Starting new HTTP connection (1): localhost:8000
2026-08-11 20:27:57,292  DEBUG  http://localhost:8000 "POST /chat HTTP/1.1" 200 47
2026-08-11 20:27:57,296  DEBUG  Starting new HTTP connection (1): localhost:8000
2026-08-11 20:28:03,915  DEBUG  http://localhost:8000 "POST /chat HTTP/1.1" 200 43
2026-08-11 20:28:03,917  DEBUG  Starting new HTTP connection (1): localhost:8000
2026-08-11 20:28:12,004  DEBUG  http://localhost:8000 "POST /chat HTTP/1.1" 200 85
2026-08-11 20:28:12,024  DEBUG  Starting new HTTP connection (1): localhost:8000
2026-08-11 20:28:19,145  DEBUG  http://localhost:8000 "POST /chat HTTP/1.1" 200 50
2026-08-11 20:28:19,148  DEBUG  Starting new HTTP connection (1): localhost:8000
2026-08-11 20:28:27,437  DEBUG  http://localhost:8000 "POST /chat HTTP/1.1" 200 87
2026-08-11 20:28:27,439  DEBUG  Starting new HTTP connection (1): localhost:8000
2026-08-11 20:28:36,310  DEBUG  http://localhost:8000 "POST /chat HTTP/1.1" 200 87
2026-08-11 20:28:36,334  DEBUG  Starting new HTTP connection (1): localhost:8000
2026-08-11 20:28:47,058  DEBUG  http://localhost:8000 "POST /chat HTTP/1.1" 200 28
2026-08-11 20:28:47,060  DEBUG  Starting new HTTP connection (1): localhost:8000
2026-08-11 20:28:52,621  DEBUG  http://localhost:8000 "POST /chat HTTP/1.1" 200 28
2026-08-11 20:28:52,622  DEBUG  Starting new HTTP connection (1): localhost:8000
2026-08-11 20:28:58,293  DEBUG  http://localhost:8000 "POST /chat HTTP/1.1" 200 29
2026-08-11 20:28:58,304  DEBUG  Starting new HTTP connection (1): localhost:8000
2026-08-11 20:29:03,774  DEBUG  http://localhost:8000 "POST /chat HTTP/1.1" 200 28
2026-08-11 20:29:03,776  DEBUG  Starting new HTTP connection (1): localhost:8000
2026-08-11 20:29:09,298  DEBUG  http://localhost:8000 "POST /chat HTTP/1.1" 200 28
2026-08-11 20:29:09,302  DEBUG  Starting new HTTP connection (1): localhost:8000
2026-08-11 20:29:20,116  DEBUG  http://localhost:8000 "POST /chat HTTP/1.1" 200 153
2026-08-11 20:29:20,118  DEBUG  Starting new HTTP connection (1): localhost:8000
2026-08-11 20:29:25,718  DEBUG  http://localhost:8000 "POST /chat HTTP/1.1" 200 29
2026-08-11 20:29:25,721  DEBUG  Starting new HTTP connection (1): localhost:8000
2026-08-11 20:29:31,453  DEBUG  http://localhost:8000 "POST /chat HTTP/1.1" 200 33
2026-08-11 20:29:31,455  DEBUG  Starting new HTTP connection (1): localhost:8000
2026-08-11 20:29:36,913  DEBUG  http://localhost:8000 "POST /chat HTTP/1.1" 200 28
2026-08-11 20:29:36,914  DEBUG  Starting new HTTP connection (1): localhost:8000
2026-08-11 20:29:42,556  DEBUG  http://localhost:8000 "POST /chat HTTP/1.1" 200 33
2026-08-11 20:29:42,561  DEBUG  Starting new HTTP connection (1): localhost:8000
2026-08-11 20:29:52,678  DEBUG  http://localhost:8000 "POST /chat HTTP/1.1" 200 28
2026-08-11 20:29:52,680  DEBUG  Starting new HTTP connection (1): localhost:8000
2026-08-11 20:29:58,161  DEBUG  http://localhost:8000 "POST /chat HTTP/1.1" 200 28
2026-08-11 20:29:58,180  DEBUG  Starting new HTTP connection (1): localhost:8000
2026-08-11 20:30:03,651  DEBUG  http://localhost:8000 "POST /chat HTTP/1.1" 200 28
2026-08-11 20:30:03,653  DEBUG  Starting new HTTP connection (1): localhost:8000
2026-08-11 20:30:09,258  DEBUG  http://localhost:8000 "POST /chat HTTP/1.1" 200 28
2026-08-11 20:30:09,261  DEBUG  Starting new HTTP connection (1): localhost:8000
2026-08-11 20:30:14,752  DEBUG  http://localhost:8000 "POST /chat HTTP/1.1" 200 28
2026-08-11 20:30:14,754  DEBUG  Starting new HTTP connection (1): localhost:8000
2026-08-11 20:30:20,273  DEBUG  http://localhost:8000 "POST /chat HTTP/1.1" 200 28
2026-08-11 20:30:20,275  DEBUG  Starting new HTTP connection (1): localhost:8000
2026-08-11 20:30:25,646  DEBUG  http://localhost:8000 "POST /chat HTTP/1.1" 200 28
2026-08-11 20:30:25,647  DEBUG  Starting new HTTP connection (1): localhost:8000
2026-08-11 20:30:31,039  DEBUG  http://localhost:8000 "POST /chat HTTP/1.1" 200 28
2026-08-11 20:30:31,040  DEBUG  Starting new HTTP connection (1): localhost:8000
2026-08-11 20:30:36,814  DEBUG  http://localhost:8000 "POST /chat HTTP/1.1" 200 28
2026-08-11 20:30:36,816  DEBUG  Starting new HTTP connection (1): localhost:8000
2026-08-11 20:30:41,996  DEBUG  http://localhost:8000 "POST /chat HTTP/1.1" 200 28
2026-08-11 20:30:42,003  DEBUG  Starting new HTTP connection (1): localhost:8000
2026-08-11 20:31:07,041  DEBUG  http://localhost:8000 "POST /chat HTTP/1.1" 200 28
2026-08-11 20:31:07,044  DEBUG  Starting new HTTP connection (1): localhost:8000
2026-08-11 20:31:12,666  DEBUG  http://localhost:8000 "POST /chat HTTP/1.1" 200 28
2026-08-11 20:31:12,668  DEBUG  Starting new HTTP connection (1): localhost:8000
2026-08-11 20:31:18,251  DEBUG  http://localhost:8000 "POST /chat HTTP/1.1" 200 28
2026-08-11 20:31:18,253  DEBUG  Starting new HTTP connection (1): localhost:8000
2026-08-11 20:31:23,837  DEBUG  http://localhost:8000 "POST /chat HTTP/1.1" 200 28
2026-08-11 20:31:23,839  DEBUG  Starting new HTTP connection (1): localhost:8000
2026-08-11 20:31:29,400  DEBUG  http://localhost:8000 "POST /chat HTTP/1.1" 200 28
2026-08-11 20:31:29,402  DEBUG  Starting new HTTP connection (1): localhost:8000
2026-08-11 20:31:34,944  DEBUG  http://localhost:8000 "POST /chat HTTP/1.1" 200 28
2026-08-11 20:31:34,946  DEBUG  Starting new HTTP connection (1): localhost:8000
2026-08-11 20:31:40,508  DEBUG  http://localhost:8000 "POST /chat HTTP/1.1" 200 28
2026-08-11 20:31:40,512  DEBUG  Starting new HTTP connection (1): localhost:8000
2026-08-11 20:31:46,252  DEBUG  http://localhost:8000 "POST /chat HTTP/1.1" 200 29
2026-08-11 20:31:46,254  DEBUG  Starting new HTTP connection (1): localhost:8000
2026-08-11 20:31:51,811  DEBUG  http://localhost:8000 "POST /chat HTTP/1.1" 200 28
2026-08-11 20:31:51,839  DEBUG  Starting new HTTP connection (1): localhost:8000
2026-08-11 20:31:57,382  DEBUG  http://localhost:8000 "POST /chat HTTP/1.1" 200 28
2026-08-11 20:31:57,405  DEBUG  Starting new HTTP connection (1): localhost:8000
2026-08-11 20:32:16,012  DEBUG  http://localhost:8000 "POST /chat HTTP/1.1" 200 28
2026-08-11 20:32:16,014  DEBUG  Starting new HTTP connection (1): localhost:8000
2026-08-11 20:32:22,482  DEBUG  http://localhost:8000 "POST /chat HTTP/1.1" 200 60
2026-08-11 20:32:22,484  DEBUG  Starting new HTTP connection (1): localhost:8000
2026-08-11 20:32:33,954  DEBUG  http://localhost:8000 "POST /chat HTTP/1.1" 200 150
2026-08-11 20:32:33,955  DEBUG  Starting new HTTP connection (1): localhost:8000
2026-08-11 20:32:47,148  DEBUG  http://localhost:8000 "POST /chat HTTP/1.1" 200 194
2026-08-11 20:32:47,151  DEBUG  Starting new HTTP connection (1): localhost:8000
2026-08-11 20:32:57,847  DEBUG  http://localhost:8000 "POST /chat HTTP/1.1" 200 137
2026-08-11 20:32:57,849  DEBUG  Starting new HTTP connection (1): localhost:8000
2026-08-11 20:33:09,297  DEBUG  http://localhost:8000 "POST /chat HTTP/1.1" 200 155
2026-08-11 20:33:09,298  DEBUG  Starting new HTTP connection (1): localhost:8000
2026-08-11 20:33:14,782  DEBUG  http://localhost:8000 "POST /chat HTTP/1.1" 200 28
2026-08-11 20:33:14,785  DEBUG  Starting new HTTP connection (1): localhost:8000
2026-08-11 20:33:27,392  DEBUG  http://localhost:8000 "POST /chat HTTP/1.1" 200 195
2026-08-11 20:33:27,395  DEBUG  Starting new HTTP connection (1): localhost:8000
2026-08-11 20:33:32,973  DEBUG  http://localhost:8000 "POST /chat HTTP/1.1" 200 28
2026-08-11 20:33:32,977  DEBUG  Starting new HTTP connection (1): localhost:8000
2026-08-11 20:33:52,890  DEBUG  http://localhost:8000 "POST /chat HTTP/1.1" 200 367
2026-08-11 20:33:52,895  DEBUG  Starting new HTTP connection (1): localhost:8000
2026-08-11 20:34:00,827  DEBUG  http://localhost:8000 "POST /chat HTTP/1.1" 200 28
2026-08-11 20:34:00,829  DEBUG  Starting new HTTP connection (1): localhost:8000
2026-08-11 20:34:06,583  DEBUG  http://localhost:8000 "POST /chat HTTP/1.1" 200 29
2026-08-11 20:34:06,584  DEBUG  Starting new HTTP connection (1): localhost:8000
2026-08-11 20:34:12,325  DEBUG  http://localhost:8000 "POST /chat HTTP/1.1" 200 29
2026-08-11 20:34:12,344  DEBUG  Starting new HTTP connection (1): localhost:8000
2026-08-11 20:34:18,381  DEBUG  http://localhost:8000 "POST /chat HTTP/1.1" 200 33
2026-08-11 20:34:18,383  DEBUG  Starting new HTTP connection (1): localhost:8000
2026-08-11 20:34:24,149  DEBUG  http://localhost:8000 "POST /chat HTTP/1.1" 200 29
2026-08-11 20:34:24,152  DEBUG  Starting new HTTP connection (1): localhost:8000
2026-08-11 20:34:29,870  DEBUG  http://localhost:8000 "POST /chat HTTP/1.1" 200 33
2026-08-11 20:34:29,891  DEBUG  Starting new HTTP connection (1): localhost:8000
2026-08-11 20:34:35,370  DEBUG  http://localhost:8000 "POST /chat HTTP/1.1" 200 28
2026-08-11 20:34:35,371  DEBUG  Starting new HTTP connection (1): localhost:8000
2026-08-11 20:34:41,287  DEBUG  http://localhost:8000 "POST /chat HTTP/1.1" 200 33
2026-08-11 20:34:41,289  DEBUG  Starting new HTTP connection (1): localhost:8000
2026-08-11 20:34:46,941  DEBUG  http://localhost:8000 "POST /chat HTTP/1.1" 200 33
2026-08-11 20:34:46,944  DEBUG  Starting new HTTP connection (1): localhost:8000
2026-08-11 20:34:52,547  DEBUG  http://localhost:8000 "POST /chat HTTP/1.1" 200 28
2026-08-11 20:34:52,573  DEBUG  Starting new HTTP connection (1): localhost:8000
2026-08-11 20:35:03,488  DEBUG  http://localhost:8000 "POST /chat HTTP/1.1" 200 29
2026-08-11 20:35:03,510  DEBUG  Starting new HTTP connection (1): localhost:8000
2026-08-11 20:35:09,019  DEBUG  http://localhost:8000 "POST /chat HTTP/1.1" 200 28
2026-08-11 20:35:09,021  DEBUG  Starting new HTTP connection (1): localhost:8000
2026-08-11 20:35:14,535  DEBUG  http://localhost:8000 "POST /chat HTTP/1.1" 200 28
2026-08-11 20:35:14,555  DEBUG  Starting new HTTP connection (1): localhost:8000
2026-08-11 20:35:20,325  DEBUG  http://localhost:8000 "POST /chat HTTP/1.1" 200 32
2026-08-11 20:35:20,328  DEBUG  Starting new HTTP connection (1): localhost:8000
2026-08-11 20:35:26,057  DEBUG  http://localhost:8000 "POST /chat HTTP/1.1" 200 32
2026-08-11 20:35:26,061  DEBUG  Starting new HTTP connection (1): localhost:8000
2026-08-11 20:35:31,569  DEBUG  http://localhost:8000 "POST /chat HTTP/1.1" 200 28
2026-08-11 20:35:31,572  DEBUG  Starting new HTTP connection (1): localhost:8000
2026-08-11 20:35:37,293  DEBUG  http://localhost:8000 "POST /chat HTTP/1.1" 200 33
2026-08-11 20:35:37,313  DEBUG  Starting new HTTP connection (1): localhost:8000
2026-08-11 20:35:42,829  DEBUG  http://localhost:8000 "POST /chat HTTP/1.1" 200 28
2026-08-11 20:35:42,831  DEBUG  Starting new HTTP connection (1): localhost:8000
2026-08-11 20:35:48,548  DEBUG  http://localhost:8000 "POST /chat HTTP/1.1" 200 33
2026-08-11 20:35:48,549  DEBUG  Starting new HTTP connection (1): localhost:8000
2026-08-11 20:35:54,066  DEBUG  http://localhost:8000 "POST /chat HTTP/1.1" 200 28
2026-08-11 20:35:54,092  DEBUG  Starting new HTTP connection (1): localhost:8000
2026-08-11 20:36:03,715  DEBUG  http://localhost:8000 "POST /chat HTTP/1.1" 200 28
2026-08-11 20:36:03,718  DEBUG  Starting new HTTP connection (1): localhost:8000
2026-08-11 20:36:14,303  DEBUG  http://localhost:8000 "POST /chat HTTP/1.1" 200 149
2026-08-11 20:36:14,305  DEBUG  Starting new HTTP connection (1): localhost:8000
2026-08-11 20:36:22,377  DEBUG  http://localhost:8000 "POST /chat HTTP/1.1" 200 81
2026-08-11 20:36:22,379  DEBUG  Starting new HTTP connection (1): localhost:8000
2026-08-11 20:36:31,283  DEBUG  http://localhost:8000 "POST /chat HTTP/1.1" 200 103
2026-08-11 20:36:31,284  DEBUG  Starting new HTTP connection (1): localhost:8000
2026-08-11 20:36:36,779  DEBUG  http://localhost:8000 "POST /chat HTTP/1.1" 200 28
2026-08-11 20:36:36,780  DEBUG  Starting new HTTP connection (1): localhost:8000
2026-08-11 20:36:42,382  DEBUG  http://localhost:8000 "POST /chat HTTP/1.1" 200 28
2026-08-11 20:36:42,383  DEBUG  Starting new HTTP connection (1): localhost:8000
2026-08-11 20:36:49,838  DEBUG  http://localhost:8000 "POST /chat HTTP/1.1" 200 71
2026-08-11 20:36:49,840  DEBUG  Starting new HTTP connection (1): localhost:8000
2026-08-11 20:36:55,558  DEBUG  http://localhost:8000 "POST /chat HTTP/1.1" 200 29
2026-08-11 20:36:55,560  DEBUG  Starting new HTTP connection (1): localhost:8000
2026-08-11 20:37:01,173  DEBUG  http://localhost:8000 "POST /chat HTTP/1.1" 200 28
2026-08-11 20:37:01,175  DEBUG  Starting new HTTP connection (1): localhost:8000
2026-08-11 20:37:09,580  DEBUG  http://localhost:8000 "POST /chat HTTP/1.1" 200 95
2026-08-11 20:37:09,587  DEBUG  Starting new HTTP connection (1): localhost:8000
2026-08-11 20:37:21,958  DEBUG  http://localhost:8000 "POST /chat HTTP/1.1" 200 146
2026-08-11 20:37:21,961  DEBUG  Starting new HTTP connection (1): localhost:8000
2026-08-11 20:37:27,623  DEBUG  http://localhost:8000 "POST /chat HTTP/1.1" 200 33
2026-08-11 20:37:27,643  DEBUG  Starting new HTTP connection (1): localhost:8000
2026-08-11 20:37:33,113  DEBUG  http://localhost:8000 "POST /chat HTTP/1.1" 200 28
2026-08-11 20:37:33,117  DEBUG  Starting new HTTP connection (1): localhost:8000
2026-08-11 20:37:38,605  DEBUG  http://localhost:8000 "POST /chat HTTP/1.1" 200 28
2026-08-11 20:37:38,626  DEBUG  Starting new HTTP connection (1): localhost:8000
2026-08-11 20:37:46,426  DEBUG  http://localhost:8000 "POST /chat HTTP/1.1" 200 91
2026-08-11 20:37:46,429  DEBUG  Starting new HTTP connection (1): localhost:8000
2026-08-11 20:37:52,112  DEBUG  http://localhost:8000 "POST /chat HTTP/1.1" 200 29
2026-08-11 20:37:52,113  DEBUG  Starting new HTTP connection (1): localhost:8000
2026-08-11 20:37:58,008  DEBUG  http://localhost:8000 "POST /chat HTTP/1.1" 200 32
2026-08-11 20:37:58,010  DEBUG  Starting new HTTP connection (1): localhost:8000
2026-08-11 20:38:03,522  DEBUG  http://localhost:8000 "POST /chat HTTP/1.1" 200 28
2026-08-11 20:38:03,523  DEBUG  Starting new HTTP connection (1): localhost:8000
2026-08-11 20:38:08,973  DEBUG  http://localhost:8000 "POST /chat HTTP/1.1" 200 28
2026-08-11 20:38:08,977  DEBUG  Starting new HTTP connection (1): localhost:8000
2026-08-11 20:38:14,495  DEBUG  http://localhost:8000 "POST /chat HTTP/1.1" 200 28
2026-08-11 20:38:14,500  DEBUG  Starting new HTTP connection (1): localhost:8000
2026-08-11 20:38:22,251  DEBUG  http://localhost:8000 "POST /chat HTTP/1.1" 200 28
2026-08-11 20:38:22,252  DEBUG  Starting new HTTP connection (1): localhost:8000
2026-08-11 20:38:27,734  DEBUG  http://localhost:8000 "POST /chat HTTP/1.1" 200 28
2026-08-11 20:38:27,743  DEBUG  Starting new HTTP connection (1): localhost:8000
2026-08-11 20:38:33,263  DEBUG  http://localhost:8000 "POST /chat HTTP/1.1" 200 28
2026-08-11 20:38:33,265  DEBUG  Starting new HTTP connection (1): localhost:8000
2026-08-11 20:38:38,804  DEBUG  http://localhost:8000 "POST /chat HTTP/1.1" 200 28
2026-08-11 20:38:38,808  DEBUG  Starting new HTTP connection (1): localhost:8000
2026-08-11 20:38:44,635  DEBUG  http://localhost:8000 "POST /chat HTTP/1.1" 200 29
2026-08-11 20:38:44,637  DEBUG  Starting new HTTP connection (1): localhost:8000
2026-08-11 20:38:50,168  DEBUG  http://localhost:8000 "POST /chat HTTP/1.1" 200 28
2026-08-11 20:38:50,169  DEBUG  Starting new HTTP connection (1): localhost:8000
2026-08-11 20:38:55,645  DEBUG  http://localhost:8000 "POST /chat HTTP/1.1" 200 28
2026-08-11 20:38:55,647  DEBUG  Starting new HTTP connection (1): localhost:8000
2026-08-11 20:39:01,209  DEBUG  http://localhost:8000 "POST /chat HTTP/1.1" 200 28
2026-08-11 20:39:01,210  DEBUG  Starting new HTTP connection (1): localhost:8000
2026-08-11 20:39:06,764  DEBUG  http://localhost:8000 "POST /chat HTTP/1.1" 200 28
2026-08-11 20:39:06,766  DEBUG  Starting new HTTP connection (1): localhost:8000
2026-08-11 20:39:12,294  DEBUG  http://localhost:8000 "POST /chat HTTP/1.1" 200 28
2026-08-11 20:39:12,299  DEBUG  Starting new HTTP connection (1): localhost:8000
2026-08-11 20:39:33,977  DEBUG  http://localhost:8000 "POST /chat HTTP/1.1" 200 28
2026-08-11 20:39:33,979  DEBUG  Starting new HTTP connection (1): localhost:8000
2026-08-11 20:39:39,455  DEBUG  http://localhost:8000 "POST /chat HTTP/1.1" 200 28
2026-08-11 20:39:39,456  DEBUG  Starting new HTTP connection (1): localhost:8000
2026-08-11 20:39:45,028  DEBUG  http://localhost:8000 "POST /chat HTTP/1.1" 200 28
2026-08-11 20:39:45,030  DEBUG  Starting new HTTP connection (1): localhost:8000
2026-08-11 20:39:50,549  DEBUG  http://localhost:8000 "POST /chat HTTP/1.1" 200 28
2026-08-11 20:39:50,551  DEBUG  Starting new HTTP connection (1): localhost:8000
2026-08-11 20:39:56,136  DEBUG  http://localhost:8000 "POST /chat HTTP/1.1" 200 28
2026-08-11 20:39:56,137  DEBUG  Starting new HTTP connection (1): localhost:8000
2026-08-11 20:40:01,634  DEBUG  http://localhost:8000 "POST /chat HTTP/1.1" 200 28
2026-08-11 20:40:01,636  DEBUG  Starting new HTTP connection (1): localhost:8000
2026-08-11 20:40:07,163  DEBUG  http://localhost:8000 "POST /chat HTTP/1.1" 200 28
2026-08-11 20:40:07,183  DEBUG  Starting new HTTP connection (1): localhost:8000
2026-08-11 20:40:12,768  DEBUG  http://localhost:8000 "POST /chat HTTP/1.1" 200 28
2026-08-11 20:40:12,770  DEBUG  Starting new HTTP connection (1): localhost:8000
2026-08-11 20:40:18,268  DEBUG  http://localhost:8000 "POST /chat HTTP/1.1" 200 28
2026-08-11 20:40:18,270  DEBUG  Starting new HTTP connection (1): localhost:8000
2026-08-11 20:40:23,848  DEBUG  http://localhost:8000 "POST /chat HTTP/1.1" 200 28
2026-08-11 20:40:23,852  DEBUG  Starting new HTTP connection (1): localhost:8000
2026-08-11 20:40:31,257  DEBUG  http://localhost:8000 "POST /chat HTTP/1.1" 200 28
2026-08-11 20:40:31,260  DEBUG  Starting new HTTP connection (1): localhost:8000
2026-08-11 20:40:36,746  DEBUG  http://localhost:8000 "POST /chat HTTP/1.1" 200 28
2026-08-11 20:40:36,747  DEBUG  Starting new HTTP connection (1): localhost:8000
2026-08-11 20:40:42,206  DEBUG  http://localhost:8000 "POST /chat HTTP/1.1" 200 28
2026-08-11 20:40:42,227  DEBUG  Starting new HTTP connection (1): localhost:8000
2026-08-11 20:40:47,696  DEBUG  http://localhost:8000 "POST /chat HTTP/1.1" 200 28
2026-08-11 20:40:47,698  DEBUG  Starting new HTTP connection (1): localhost:8000
2026-08-11 20:40:53,417  DEBUG  http://localhost:8000 "POST /chat HTTP/1.1" 200 29
2026-08-11 20:40:53,437  DEBUG  Starting new HTTP connection (1): localhost:8000
2026-08-11 20:40:58,953  DEBUG  http://localhost:8000 "POST /chat HTTP/1.1" 200 28
2026-08-11 20:40:58,955  DEBUG  Starting new HTTP connection (1): localhost:8000
2026-08-11 20:41:04,602  DEBUG  http://localhost:8000 "POST /chat HTTP/1.1" 200 29
2026-08-11 20:41:04,604  DEBUG  Starting new HTTP connection (1): localhost:8000
2026-08-11 20:41:10,103  DEBUG  http://localhost:8000 "POST /chat HTTP/1.1" 200 28
2026-08-11 20:41:10,126  DEBUG  Starting new HTTP connection (1): localhost:8000
2026-08-11 20:41:19,287  DEBUG  http://localhost:8000 "POST /chat HTTP/1.1" 200 125
2026-08-11 20:41:19,308  DEBUG  Starting new HTTP connection (1): localhost:8000
2026-08-11 20:41:24,833  DEBUG  http://localhost:8000 "POST /chat HTTP/1.1" 200 28
2026-08-11 20:41:24,856  DEBUG  Starting new HTTP connection (1): localhost:8000
2026-08-11 20:41:34,778  DEBUG  http://localhost:8000 "POST /chat HTTP/1.1" 200 60
2026-08-11 20:41:34,781  DEBUG  Starting new HTTP connection (1): localhost:8000
2026-08-11 20:41:42,458  DEBUG  http://localhost:8000 "POST /chat HTTP/1.1" 200 90
2026-08-11 20:41:42,459  DEBUG  Starting new HTTP connection (1): localhost:8000
2026-08-11 20:41:48,000  DEBUG  http://localhost:8000 "POST /chat HTTP/1.1" 200 28
2026-08-11 20:41:48,002  DEBUG  Starting new HTTP connection (1): localhost:8000
2026-08-11 20:42:03,481  DEBUG  http://localhost:8000 "POST /chat HTTP/1.1" 200 306
2026-08-11 20:42:03,484  DEBUG  Starting new HTTP connection (1): localhost:8000
2026-08-11 20:42:12,284  DEBUG  http://localhost:8000 "POST /chat HTTP/1.1" 200 125
2026-08-11 20:42:12,285  DEBUG  Starting new HTTP connection (1): localhost:8000
2026-08-11 20:42:18,928  DEBUG  http://localhost:8000 "POST /chat HTTP/1.1" 200 60
2026-08-11 20:42:18,930  DEBUG  Starting new HTTP connection (1): localhost:8000
2026-08-11 20:42:31,698  DEBUG  http://localhost:8000 "POST /chat HTTP/1.1" 200 229
2026-08-11 20:42:31,700  DEBUG  Starting new HTTP connection (1): localhost:8000
2026-08-11 20:42:38,470  DEBUG  http://localhost:8000 "POST /chat HTTP/1.1" 200 60
2026-08-11 20:42:38,490  DEBUG  Starting new HTTP connection (1): localhost:8000
2026-08-11 20:42:44,187  DEBUG  http://localhost:8000 "POST /chat HTTP/1.1" 200 36
2026-08-11 20:42:44,189  DEBUG  Starting new HTTP connection (1): localhost:8000
2026-08-11 20:42:54,792  DEBUG  http://localhost:8000 "POST /chat HTTP/1.1" 200 164
2026-08-11 20:42:54,816  DEBUG  Starting new HTTP connection (1): localhost:8000
2026-08-11 20:43:03,619  DEBUG  http://localhost:8000 "POST /chat HTTP/1.1" 200 28
2026-08-11 20:43:03,621  DEBUG  Starting new HTTP connection (1): localhost:8000
2026-08-11 20:43:09,301  DEBUG  http://localhost:8000 "POST /chat HTTP/1.1" 200 32
2026-08-11 20:43:09,303  DEBUG  Starting new HTTP connection (1): localhost:8000
2026-08-11 20:43:14,982  DEBUG  http://localhost:8000 "POST /chat HTTP/1.1" 200 32
2026-08-11 20:43:14,984  DEBUG  Starting new HTTP connection (1): localhost:8000
2026-08-11 20:43:20,494  DEBUG  http://localhost:8000 "POST /chat HTTP/1.1" 200 28
2026-08-11 20:43:20,497  DEBUG  Starting new HTTP connection (1): localhost:8000
2026-08-11 20:43:29,996  DEBUG  http://localhost:8000 "POST /chat HTTP/1.1" 200 119
2026-08-11 20:43:29,998  DEBUG  Starting new HTTP connection (1): localhost:8000
2026-08-11 20:43:39,924  DEBUG  http://localhost:8000 "POST /chat HTTP/1.1" 200 121
2026-08-11 20:43:39,925  DEBUG  Starting new HTTP connection (1): localhost:8000
2026-08-11 20:43:45,419  DEBUG  http://localhost:8000 "POST /chat HTTP/1.1" 200 28
2026-08-11 20:43:45,420  DEBUG  Starting new HTTP connection (1): localhost:8000
2026-08-11 20:43:50,990  DEBUG  http://localhost:8000 "POST /chat HTTP/1.1" 200 28
2026-08-11 20:43:50,992  DEBUG  Starting new HTTP connection (1): localhost:8000
2026-08-11 20:43:56,523  DEBUG  http://localhost:8000 "POST /chat HTTP/1.1" 200 28
2026-08-11 20:43:56,524  DEBUG  Starting new HTTP connection (1): localhost:8000
2026-08-11 20:44:02,003  DEBUG  http://localhost:8000 "POST /chat HTTP/1.1" 200 28
2026-08-11 20:44:02,027  DEBUG  Starting new HTTP connection (1): localhost:8000
2026-08-11 20:44:11,090  DEBUG  http://localhost:8000 "POST /chat HTTP/1.1" 200 28
2026-08-11 20:44:11,093  DEBUG  Starting new HTTP connection (1): localhost:8000
2026-08-11 20:44:16,756  DEBUG  http://localhost:8000 "POST /chat HTTP/1.1" 200 33
2026-08-11 20:44:16,758  DEBUG  Starting new HTTP connection (1): localhost:8000
2026-08-11 20:44:22,524  DEBUG  http://localhost:8000 "POST /chat HTTP/1.1" 200 32
2026-08-11 20:44:22,527  DEBUG  Starting new HTTP connection (1): localhost:8000
2026-08-11 20:44:42,809  DEBUG  http://localhost:8000 "POST /chat HTTP/1.1" 200 279
2026-08-11 20:44:42,811  DEBUG  Starting new HTTP connection (1): localhost:8000
2026-08-11 20:45:15,948  DEBUG  http://localhost:8000 "POST /chat HTTP/1.1" 200 561
2026-08-11 20:45:15,950  DEBUG  Starting new HTTP connection (1): localhost:8000
2026-08-11 20:45:21,717  DEBUG  http://localhost:8000 "POST /chat HTTP/1.1" 200 32
2026-08-11 20:45:21,721  DEBUG  Starting new HTTP connection (1): localhost:8000
2026-08-11 20:45:27,474  DEBUG  http://localhost:8000 "POST /chat HTTP/1.1" 200 33
2026-08-11 20:45:27,496  DEBUG  Starting new HTTP connection (1): localhost:8000
2026-08-11 20:45:48,371  DEBUG  http://localhost:8000 "POST /chat HTTP/1.1" 200 299
2026-08-11 20:45:48,374  DEBUG  Starting new HTTP connection (1): localhost:8000
2026-08-11 20:45:54,055  DEBUG  http://localhost:8000 "POST /chat HTTP/1.1" 200 32
2026-08-11 20:45:54,057  DEBUG  Starting new HTTP connection (1): localhost:8000
2026-08-11 20:46:40,542  DEBUG  http://localhost:8000 "POST /chat HTTP/1.1" 200 760
2026-08-11 20:46:40,547  DEBUG  Starting new HTTP connection (1): localhost:8000
2026-08-11 20:46:58,405  DEBUG  http://localhost:8000 "POST /chat HTTP/1.1" 200 255
2026-08-11 20:46:58,408  DEBUG  Starting new HTTP connection (1): localhost:8000
2026-08-11 20:47:03,952  DEBUG  http://localhost:8000 "POST /chat HTTP/1.1" 200 28
2026-08-11 20:47:03,953  DEBUG  Starting new HTTP connection (1): localhost:8000
2026-08-11 20:47:09,438  DEBUG  http://localhost:8000 "POST /chat HTTP/1.1" 200 28
2026-08-11 20:47:09,440  DEBUG  Starting new HTTP connection (1): localhost:8000
2026-08-11 20:47:16,869  DEBUG  http://localhost:8000 "POST /chat HTTP/1.1" 200 72
2026-08-11 20:47:16,871  DEBUG  Starting new HTTP connection (1): localhost:8000
2026-08-11 20:47:22,559  DEBUG  http://localhost:8000 "POST /chat HTTP/1.1" 200 32
2026-08-11 20:47:22,561  DEBUG  Starting new HTTP connection (1): localhost:8000
2026-08-11 20:47:42,708  DEBUG  http://localhost:8000 "POST /chat HTTP/1.1" 200 294
2026-08-11 20:47:42,712  DEBUG  Starting new HTTP connection (1): localhost:8000
2026-08-11 20:47:48,180  DEBUG  http://localhost:8000 "POST /chat HTTP/1.1" 200 28
2026-08-11 20:47:48,182  DEBUG  Starting new HTTP connection (1): localhost:8000
2026-08-11 20:48:04,963  DEBUG  http://localhost:8000 "POST /chat HTTP/1.1" 200 237
2026-08-11 20:48:04,965  DEBUG  Starting new HTTP connection (1): localhost:8000
2026-08-11 20:48:10,680  DEBUG  http://localhost:8000 "POST /chat HTTP/1.1" 200 29
2026-08-11 20:48:10,682  DEBUG  Starting new HTTP connection (1): localhost:8000
2026-08-11 20:48:16,164  DEBUG  http://localhost:8000 "POST /chat HTTP/1.1" 200 28
2026-08-11 20:48:16,188  DEBUG  Starting new HTTP connection (1): localhost:8000
2026-08-11 20:48:26,080  DEBUG  http://localhost:8000 "POST /chat HTTP/1.1" 200 79
2026-08-11 20:48:26,082  DEBUG  Starting new HTTP connection (1): localhost:8000
2026-08-11 20:48:31,744  DEBUG  http://localhost:8000 "POST /chat HTTP/1.1" 200 33
2026-08-11 20:48:31,764  DEBUG  Starting new HTTP connection (1): localhost:8000
2026-08-11 20:48:44,175  DEBUG  http://localhost:8000 "POST /chat HTTP/1.1" 200 209
2026-08-11 20:48:44,178  DEBUG  Starting new HTTP connection (1): localhost:8000
2026-08-11 20:48:52,996  DEBUG  http://localhost:8000 "POST /chat HTTP/1.1" 200 102
2026-08-11 20:48:53,001  DEBUG  Starting new HTTP connection (1): localhost:8000
2026-08-11 20:49:04,370  DEBUG  http://localhost:8000 "POST /chat HTTP/1.1" 200 178
2026-08-11 20:49:04,374  DEBUG  Starting new HTTP connection (1): localhost:8000
2026-08-11 20:49:13,460  DEBUG  http://localhost:8000 "POST /chat HTTP/1.1" 200 109
2026-08-11 20:49:13,462  DEBUG  Starting new HTTP connection (1): localhost:8000
2026-08-11 20:49:24,506  DEBUG  http://localhost:8000 "POST /chat HTTP/1.1" 200 181
2026-08-11 20:49:24,508  DEBUG  Starting new HTTP connection (1): localhost:8000
2026-08-11 20:49:32,877  DEBUG  http://localhost:8000 "POST /chat HTTP/1.1" 200 93
2026-08-11 20:49:32,879  DEBUG  Starting new HTTP connection (1): localhost:8000
2026-08-11 20:49:44,710  DEBUG  http://localhost:8000 "POST /chat HTTP/1.1" 200 193
2026-08-11 20:49:44,712  DEBUG  Starting new HTTP connection (1): localhost:8000
2026-08-11 20:49:53,152  DEBUG  http://localhost:8000 "POST /chat HTTP/1.1" 200 91
2026-08-11 20:49:53,174  DEBUG  Starting new HTTP connection (1): localhost:8000
2026-08-11 20:50:01,379  DEBUG  http://localhost:8000 "POST /chat HTTP/1.1" 200 28
2026-08-11 20:50:01,381  DEBUG  Starting new HTTP connection (1): localhost:8000
2026-08-11 20:50:06,861  DEBUG  http://localhost:8000 "POST /chat HTTP/1.1" 200 28
2026-08-11 20:50:06,880  DEBUG  Starting new HTTP connection (1): localhost:8000
2026-08-11 20:50:12,410  DEBUG  http://localhost:8000 "POST /chat HTTP/1.1" 200 28
2026-08-11 20:50:12,412  DEBUG  Starting new HTTP connection (1): localhost:8000
2026-08-11 20:50:17,941  DEBUG  http://localhost:8000 "POST /chat HTTP/1.1" 200 28
2026-08-11 20:50:17,943  DEBUG  Starting new HTTP connection (1): localhost:8000
2026-08-11 20:50:23,451  DEBUG  http://localhost:8000 "POST /chat HTTP/1.1" 200 28
2026-08-11 20:50:23,453  DEBUG  Starting new HTTP connection (1): localhost:8000
2026-08-11 20:50:29,030  DEBUG  http://localhost:8000 "POST /chat HTTP/1.1" 200 28
2026-08-11 20:50:29,052  DEBUG  Starting new HTTP connection (1): localhost:8000
2026-08-11 20:50:34,562  DEBUG  http://localhost:8000 "POST /chat HTTP/1.1" 200 28
2026-08-11 20:50:34,565  DEBUG  Starting new HTTP connection (1): localhost:8000
2026-08-11 20:50:40,082  DEBUG  http://localhost:8000 "POST /chat HTTP/1.1" 200 28
2026-08-11 20:50:40,103  DEBUG  Starting new HTTP connection (1): localhost:8000
2026-08-11 20:50:45,573  DEBUG  http://localhost:8000 "POST /chat HTTP/1.1" 200 28
2026-08-11 20:50:45,576  DEBUG  Starting new HTTP connection (1): localhost:8000
2026-08-11 20:50:51,099  DEBUG  http://localhost:8000 "POST /chat HTTP/1.1" 200 28
2026-08-11 20:50:51,102  DEBUG  Starting new HTTP connection (1): localhost:8000
2026-08-11 20:51:11,235  DEBUG  http://localhost:8000 "POST /chat HTTP/1.1" 200 86
2026-08-11 20:51:11,237  DEBUG  Starting new HTTP connection (1): localhost:8000
2026-08-11 20:51:23,073  DEBUG  http://localhost:8000 "POST /chat HTTP/1.1" 200 164
2026-08-11 20:51:23,074  DEBUG  Starting new HTTP connection (1): localhost:8000
2026-08-11 20:51:31,531  DEBUG  http://localhost:8000 "POST /chat HTTP/1.1" 200 95
2026-08-11 20:51:31,534  DEBUG  Starting new HTTP connection (1): localhost:8000
2026-08-11 20:51:43,957  DEBUG  http://localhost:8000 "POST /chat HTTP/1.1" 200 187
2026-08-11 20:51:43,961  DEBUG  Starting new HTTP connection (1): localhost:8000
2026-08-11 20:51:52,357  DEBUG  http://localhost:8000 "POST /chat HTTP/1.1" 200 95
2026-08-11 20:51:52,358  DEBUG  Starting new HTTP connection (1): localhost:8000
2026-08-11 20:52:01,043  DEBUG  http://localhost:8000 "POST /chat HTTP/1.1" 200 99
2026-08-11 20:52:01,065  DEBUG  Starting new HTTP connection (1): localhost:8000
2026-08-11 20:52:09,484  DEBUG  http://localhost:8000 "POST /chat HTTP/1.1" 200 95
2026-08-11 20:52:09,485  DEBUG  Starting new HTTP connection (1): localhost:8000
2026-08-11 20:52:17,469  DEBUG  http://localhost:8000 "POST /chat HTTP/1.1" 200 78
2026-08-11 20:52:17,470  DEBUG  Starting new HTTP connection (1): localhost:8000
2026-08-11 20:52:25,855  DEBUG  http://localhost:8000 "POST /chat HTTP/1.1" 200 95
2026-08-11 20:52:25,857  DEBUG  Starting new HTTP connection (1): localhost:8000
2026-08-11 20:52:34,254  DEBUG  http://localhost:8000 "POST /chat HTTP/1.1" 200 95
2026-08-11 20:52:34,276  DEBUG  Starting new HTTP connection (1): localhost:8000
2026-08-11 20:52:44,812  DEBUG  http://localhost:8000 "POST /chat HTTP/1.1" 200 94
2026-08-11 20:52:44,813  DEBUG  Starting new HTTP connection (1): localhost:8000
2026-08-11 20:52:50,586  DEBUG  http://localhost:8000 "POST /chat HTTP/1.1" 200 32
2026-08-11 20:52:50,588  DEBUG  Starting new HTTP connection (1): localhost:8000
2026-08-11 20:52:56,390  DEBUG  http://localhost:8000 "POST /chat HTTP/1.1" 200 33
2026-08-11 20:52:56,392  DEBUG  Starting new HTTP connection (1): localhost:8000
2026-08-11 20:53:01,869  DEBUG  http://localhost:8000 "POST /chat HTTP/1.1" 200 28
2026-08-11 20:53:01,871  DEBUG  Starting new HTTP connection (1): localhost:8000
2026-08-11 20:53:07,385  DEBUG  http://localhost:8000 "POST /chat HTTP/1.1" 200 28
2026-08-11 20:53:07,387  DEBUG  Starting new HTTP connection (1): localhost:8000
2026-08-11 20:53:16,754  DEBUG  http://localhost:8000 "POST /chat HTTP/1.1" 200 122
2026-08-11 20:53:16,757  DEBUG  Starting new HTTP connection (1): localhost:8000
2026-08-11 20:53:28,082  DEBUG  http://localhost:8000 "POST /chat HTTP/1.1" 200 166
2026-08-11 20:53:28,104  DEBUG  Starting new HTTP connection (1): localhost:8000
2026-08-11 20:53:36,459  DEBUG  http://localhost:8000 "POST /chat HTTP/1.1" 200 86
2026-08-11 20:53:36,461  DEBUG  Starting new HTTP connection (1): localhost:8000
2026-08-11 20:53:41,986  DEBUG  http://localhost:8000 "POST /chat HTTP/1.1" 200 28
2026-08-11 20:53:41,988  DEBUG  Starting new HTTP connection (1): localhost:8000
2026-08-11 20:53:51,900  DEBUG  http://localhost:8000 "POST /chat HTTP/1.1" 200 146
2026-08-11 20:53:51,903  DEBUG  Starting new HTTP connection (1): localhost:8000
2026-08-11 20:54:01,658  DEBUG  http://localhost:8000 "POST /chat HTTP/1.1" 200 28
2026-08-11 20:54:01,660  DEBUG  Starting new HTTP connection (1): localhost:8000
2026-08-11 20:54:07,258  DEBUG  http://localhost:8000 "POST /chat HTTP/1.1" 200 28
2026-08-11 20:54:07,260  DEBUG  Starting new HTTP connection (1): localhost:8000
2026-08-11 20:54:12,907  DEBUG  http://localhost:8000 "POST /chat HTTP/1.1" 200 28
2026-08-11 20:54:12,909  DEBUG  Starting new HTTP connection (1): localhost:8000
2026-08-11 20:54:18,444  DEBUG  http://localhost:8000 "POST /chat HTTP/1.1" 200 28
2026-08-11 20:54:18,446  DEBUG  Starting new HTTP connection (1): localhost:8000
2026-08-11 20:54:23,985  DEBUG  http://localhost:8000 "POST /chat HTTP/1.1" 200 28
2026-08-11 20:54:23,987  DEBUG  Starting new HTTP connection (1): localhost:8000
2026-08-11 20:54:29,514  DEBUG  http://localhost:8000 "POST /chat HTTP/1.1" 200 28
2026-08-11 20:54:29,516  DEBUG  Starting new HTTP connection (1): localhost:8000
2026-08-11 20:54:35,024  DEBUG  http://localhost:8000 "POST /chat HTTP/1.1" 200 28
2026-08-11 20:54:35,025  DEBUG  Starting new HTTP connection (1): localhost:8000
2026-08-11 20:54:40,542  DEBUG  http://localhost:8000 "POST /chat HTTP/1.1" 200 28
2026-08-11 20:54:40,563  DEBUG  Starting new HTTP connection (1): localhost:8000
2026-08-11 20:54:46,032  DEBUG  http://localhost:8000 "POST /chat HTTP/1.1" 200 28
2026-08-11 20:54:46,033  DEBUG  Starting new HTTP connection (1): localhost:8000
2026-08-11 20:54:51,591  DEBUG  http://localhost:8000 "POST /chat HTTP/1.1" 200 28
2026-08-11 20:54:51,622  DEBUG  Starting new HTTP connection (1): localhost:8000
2026-08-11 20:55:00,076  DEBUG  http://localhost:8000 "POST /chat HTTP/1.1" 200 28
2026-08-11 20:55:00,077  DEBUG  Starting new HTTP connection (1): localhost:8000
2026-08-11 20:55:05,576  DEBUG  http://localhost:8000 "POST /chat HTTP/1.1" 200 28
2026-08-11 20:55:05,578  DEBUG  Starting new HTTP connection (1): localhost:8000
2026-08-11 20:55:11,052  DEBUG  http://localhost:8000 "POST /chat HTTP/1.1" 200 28
2026-08-11 20:55:11,054  DEBUG  Starting new HTTP connection (1): localhost:8000
2026-08-11 20:55:16,734  DEBUG  http://localhost:8000 "POST /chat HTTP/1.1" 200 29
2026-08-11 20:55:16,737  DEBUG  Starting new HTTP connection (1): localhost:8000
2026-08-11 20:55:22,288  DEBUG  http://localhost:8000 "POST /chat HTTP/1.1" 200 28
2026-08-11 20:55:22,289  DEBUG  Starting new HTTP connection (1): localhost:8000
2026-08-11 20:55:27,820  DEBUG  http://localhost:8000 "POST /chat HTTP/1.1" 200 28
2026-08-11 20:55:27,848  DEBUG  Starting new HTTP connection (1): localhost:8000
2026-08-11 20:55:33,294  DEBUG  http://localhost:8000 "POST /chat HTTP/1.1" 200 28
2026-08-11 20:55:33,314  DEBUG  Starting new HTTP connection (1): localhost:8000
2026-08-11 20:55:41,820  DEBUG  http://localhost:8000 "POST /chat HTTP/1.1" 200 98
2026-08-11 20:55:41,822  DEBUG  Starting new HTTP connection (1): localhost:8000
2026-08-11 20:55:47,301  DEBUG  http://localhost:8000 "POST /chat HTTP/1.1" 200 28
2026-08-11 20:55:47,304  DEBUG  Starting new HTTP connection (1): localhost:8000
2026-08-11 20:55:52,852  DEBUG  http://localhost:8000 "POST /chat HTTP/1.1" 200 28
2026-08-11 20:55:52,857  DEBUG  Starting new HTTP connection (1): localhost:8000
2026-08-11 20:56:07,470  DEBUG  http://localhost:8000 "POST /chat HTTP/1.1" 200 209
2026-08-11 20:56:07,471  DEBUG  Starting new HTTP connection (1): localhost:8000
2026-08-11 20:56:13,935  DEBUG  http://localhost:8000 "POST /chat HTTP/1.1" 200 43
2026-08-11 20:56:13,937  DEBUG  Starting new HTTP connection (1): localhost:8000
2026-08-11 20:56:20,446  DEBUG  http://localhost:8000 "POST /chat HTTP/1.1" 200 43
2026-08-11 20:56:20,448  DEBUG  Starting new HTTP connection (1): localhost:8000
2026-08-11 20:56:27,181  DEBUG  http://localhost:8000 "POST /chat HTTP/1.1" 200 45
2026-08-11 20:56:27,182  DEBUG  Starting new HTTP connection (1): localhost:8000
2026-08-11 20:56:32,884  DEBUG  http://localhost:8000 "POST /chat HTTP/1.1" 200 32
2026-08-11 20:56:32,886  DEBUG  Starting new HTTP connection (1): localhost:8000
2026-08-11 20:56:38,552  DEBUG  http://localhost:8000 "POST /chat HTTP/1.1" 200 32
2026-08-11 20:56:38,554  DEBUG  Starting new HTTP connection (1): localhost:8000
2026-08-11 20:56:45,219  DEBUG  http://localhost:8000 "POST /chat HTTP/1.1" 200 45
2026-08-11 20:56:45,221  DEBUG  Starting new HTTP connection (1): localhost:8000
2026-08-11 20:56:51,546  DEBUG  http://localhost:8000 "POST /chat HTTP/1.1" 200 43
2026-08-11 20:56:51,547  DEBUG  Starting new HTTP connection (1): localhost:8000
2026-08-11 20:56:58,402  DEBUG  http://localhost:8000 "POST /chat HTTP/1.1" 200 54
2026-08-11 20:56:58,404  DEBUG  Starting new HTTP connection (1): localhost:8000
2026-08-11 20:57:04,810  DEBUG  http://localhost:8000 "POST /chat HTTP/1.1" 200 43
2026-08-11 20:57:04,833  DEBUG  Starting new HTTP connection (1): localhost:8000
2026-08-11 20:57:15,680  DEBUG  http://localhost:8000 "POST /chat HTTP/1.1" 200 28
2026-08-11 20:57:15,682  DEBUG  Starting new HTTP connection (1): localhost:8000
2026-08-11 20:57:21,332  DEBUG  http://localhost:8000 "POST /chat HTTP/1.1" 200 28
2026-08-11 20:57:21,334  DEBUG  Starting new HTTP connection (1): localhost:8000
2026-08-11 20:57:27,091  DEBUG  http://localhost:8000 "POST /chat HTTP/1.1" 200 29
2026-08-11 20:57:27,094  DEBUG  Starting new HTTP connection (1): localhost:8000
2026-08-11 20:57:32,838  DEBUG  http://localhost:8000 "POST /chat HTTP/1.1" 200 29
2026-08-11 20:57:32,840  DEBUG  Starting new HTTP connection (1): localhost:8000
2026-08-11 20:57:38,319  DEBUG  http://localhost:8000 "POST /chat HTTP/1.1" 200 28
2026-08-11 20:57:38,321  DEBUG  Starting new HTTP connection (1): localhost:8000
2026-08-11 20:57:44,076  DEBUG  http://localhost:8000 "POST /chat HTTP/1.1" 200 29
2026-08-11 20:57:44,078  DEBUG  Starting new HTTP connection (1): localhost:8000
2026-08-11 20:57:49,708  DEBUG  http://localhost:8000 "POST /chat HTTP/1.1" 200 28
2026-08-11 20:57:49,710  DEBUG  Starting new HTTP connection (1): localhost:8000
2026-08-11 20:57:55,542  DEBUG  http://localhost:8000 "POST /chat HTTP/1.1" 200 29
2026-08-11 20:57:55,545  DEBUG  Starting new HTTP connection (1): localhost:8000
2026-08-11 20:58:01,356  DEBUG  http://localhost:8000 "POST /chat HTTP/1.1" 200 29
2026-08-11 20:58:01,376  DEBUG  Starting new HTTP connection (1): localhost:8000
2026-08-11 20:58:06,915  DEBUG  http://localhost:8000 "POST /chat HTTP/1.1" 200 28
2026-08-11 20:58:06,920  DEBUG  Starting new HTTP connection (1): localhost:8000
2026-08-11 20:58:15,128  DEBUG  http://localhost:8000 "POST /chat HTTP/1.1" 200 28
2026-08-11 20:58:15,130  DEBUG  Starting new HTTP connection (1): localhost:8000
2026-08-11 20:58:20,772  DEBUG  http://localhost:8000 "POST /chat HTTP/1.1" 200 28
2026-08-11 20:58:20,774  DEBUG  Starting new HTTP connection (1): localhost:8000
2026-08-11 20:58:26,327  DEBUG  http://localhost:8000 "POST /chat HTTP/1.1" 200 28
2026-08-11 20:58:26,329  DEBUG  Starting new HTTP connection (1): localhost:8000
2026-08-11 20:58:31,939  DEBUG  http://localhost:8000 "POST /chat HTTP/1.1" 200 28
2026-08-11 20:58:31,941  DEBUG  Starting new HTTP connection (1): localhost:8000
2026-08-11 20:58:37,513  DEBUG  http://localhost:8000 "POST /chat HTTP/1.1" 200 28
2026-08-11 20:58:37,515  DEBUG  Starting new HTTP connection (1): localhost:8000
2026-08-11 20:58:43,072  DEBUG  http://localhost:8000 "POST /chat HTTP/1.1" 200 28
2026-08-11 20:58:43,094  DEBUG  Starting new HTTP connection (1): localhost:8000
2026-08-11 20:58:48,598  DEBUG  http://localhost:8000 "POST /chat HTTP/1.1" 200 28
2026-08-11 20:58:48,601  DEBUG  Starting new HTTP connection (1): localhost:8000
2026-08-11 20:58:54,174  DEBUG  http://localhost:8000 "POST /chat HTTP/1.1" 200 28
2026-08-11 20:58:54,176  DEBUG  Starting new HTTP connection (1): localhost:8000
2026-08-11 20:58:59,737  DEBUG  http://localhost:8000 "POST /chat HTTP/1.1" 200 28
2026-08-11 20:58:59,759  DEBUG  Starting new HTTP connection (1): localhost:8000
2026-08-11 20:59:05,368  DEBUG  http://localhost:8000 "POST /chat HTTP/1.1" 200 28
2026-08-11 20:59:05,394  DEBUG  Starting new HTTP connection (1): localhost:8000
2026-08-11 20:59:13,589  DEBUG  http://localhost:8000 "POST /chat HTTP/1.1" 200 28
2026-08-11 20:59:13,591  DEBUG  Starting new HTTP connection (1): localhost:8000
2026-08-11 20:59:19,140  DEBUG  http://localhost:8000 "POST /chat HTTP/1.1" 200 28
2026-08-11 20:59:19,142  DEBUG  Starting new HTTP connection (1): localhost:8000
2026-08-11 20:59:24,847  DEBUG  http://localhost:8000 "POST /chat HTTP/1.1" 200 32
2026-08-11 20:59:24,849  DEBUG  Starting new HTTP connection (1): localhost:8000
2026-08-11 20:59:30,489  DEBUG  http://localhost:8000 "POST /chat HTTP/1.1" 200 28
2026-08-11 20:59:30,491  DEBUG  Starting new HTTP connection (1): localhost:8000
2026-08-11 20:59:36,073  DEBUG  http://localhost:8000 "POST /chat HTTP/1.1" 200 28
2026-08-11 20:59:36,075  DEBUG  Starting new HTTP connection (1): localhost:8000
2026-08-11 20:59:41,680  DEBUG  http://localhost:8000 "POST /chat HTTP/1.1" 200 28
2026-08-11 20:59:41,682  DEBUG  Starting new HTTP connection (1): localhost:8000
2026-08-11 20:59:47,262  DEBUG  http://localhost:8000 "POST /chat HTTP/1.1" 200 28
2026-08-11 20:59:47,282  DEBUG  Starting new HTTP connection (1): localhost:8000
2026-08-11 20:59:52,875  DEBUG  http://localhost:8000 "POST /chat HTTP/1.1" 200 28
2026-08-11 20:59:52,876  DEBUG  Starting new HTTP connection (1): localhost:8000
2026-08-11 20:59:58,413  DEBUG  http://localhost:8000 "POST /chat HTTP/1.1" 200 28
2026-08-11 20:59:58,415  DEBUG  Starting new HTTP connection (1): localhost:8000
2026-08-11 21:00:04,252  DEBUG  http://localhost:8000 "POST /chat HTTP/1.1" 200 32
2026-08-11 21:00:04,258  DEBUG  Starting new HTTP connection (1): localhost:8000
2026-08-11 21:00:15,551  DEBUG  http://localhost:8000 "POST /chat HTTP/1.1" 200 75
2026-08-11 21:00:15,552  DEBUG  Starting new HTTP connection (1): localhost:8000
2026-08-11 21:01:05,241  DEBUG  http://localhost:8000 "POST /chat HTTP/1.1" 200 916
2026-08-11 21:01:05,246  DEBUG  Starting new HTTP connection (1): localhost:8000
2026-08-11 21:01:19,772  DEBUG  http://localhost:8000 "POST /chat HTTP/1.1" 200 237
2026-08-11 21:01:19,774  DEBUG  Starting new HTTP connection (1): localhost:8000
2026-08-11 21:01:41,600  DEBUG  http://localhost:8000 "POST /chat HTTP/1.1" 200 380
2026-08-11 21:01:41,602  DEBUG  Starting new HTTP connection (1): localhost:8000
2026-08-11 21:02:15,794  DEBUG  http://localhost:8000 "POST /chat HTTP/1.1" 200 619
2026-08-11 21:02:15,798  DEBUG  Starting new HTTP connection (1): localhost:8000
2026-08-11 21:02:23,794  DEBUG  http://localhost:8000 "POST /chat HTTP/1.1" 200 75
2026-08-11 21:02:23,798  DEBUG  Starting new HTTP connection (1): localhost:8000
2026-08-11 21:02:41,416  DEBUG  http://localhost:8000 "POST /chat HTTP/1.1" 200 294
2026-08-11 21:02:41,418  DEBUG  Starting new HTTP connection (1): localhost:8000
2026-08-11 21:02:51,667  DEBUG  http://localhost:8000 "POST /chat HTTP/1.1" 200 123
2026-08-11 21:02:51,669  DEBUG  Starting new HTTP connection (1): localhost:8000
2026-08-11 21:03:03,621  DEBUG  http://localhost:8000 "POST /chat HTTP/1.1" 200 187
2026-08-11 21:03:03,623  DEBUG  Starting new HTTP connection (1): localhost:8000
2026-08-11 21:03:11,692  DEBUG  http://localhost:8000 "POST /chat HTTP/1.1" 200 79
2026-08-11 21:03:11,715  DEBUG  Starting new HTTP connection (1): localhost:8000
2026-08-11 21:03:19,351  DEBUG  http://localhost:8000 "POST /chat HTTP/1.1" 200 28
2026-08-11 21:03:19,352  DEBUG  Starting new HTTP connection (1): localhost:8000
2026-08-11 21:03:24,895  DEBUG  http://localhost:8000 "POST /chat HTTP/1.1" 200 28
2026-08-11 21:03:24,897  DEBUG  Starting new HTTP connection (1): localhost:8000
2026-08-11 21:03:34,212  DEBUG  http://localhost:8000 "POST /chat HTTP/1.1" 200 122
2026-08-11 21:03:34,215  DEBUG  Starting new HTTP connection (1): localhost:8000
2026-08-11 21:03:46,075  DEBUG  http://localhost:8000 "POST /chat HTTP/1.1" 200 189
2026-08-11 21:03:46,077  DEBUG  Starting new HTTP connection (1): localhost:8000
2026-08-11 21:03:51,642  DEBUG  http://localhost:8000 "POST /chat HTTP/1.1" 200 28
2026-08-11 21:03:51,645  DEBUG  Starting new HTTP connection (1): localhost:8000
2026-08-11 21:03:57,421  DEBUG  http://localhost:8000 "POST /chat HTTP/1.1" 200 29
2026-08-11 21:03:57,442  DEBUG  Starting new HTTP connection (1): localhost:8000
2026-08-11 21:04:03,047  DEBUG  http://localhost:8000 "POST /chat HTTP/1.1" 200 28
2026-08-11 21:04:03,070  DEBUG  Starting new HTTP connection (1): localhost:8000
2026-08-11 21:04:08,681  DEBUG  http://localhost:8000 "POST /chat HTTP/1.1" 200 28
2026-08-11 21:04:08,683  DEBUG  Starting new HTTP connection (1): localhost:8000
2026-08-11 21:04:22,042  DEBUG  http://localhost:8000 "POST /chat HTTP/1.1" 200 233
2026-08-11 21:04:22,043  DEBUG  Starting new HTTP connection (1): localhost:8000
2026-08-11 21:04:27,670  DEBUG  http://localhost:8000 "POST /chat HTTP/1.1" 200 28
2026-08-11 21:04:27,679  DEBUG  Starting new HTTP connection (1): localhost:8000
2026-08-11 21:04:36,155  DEBUG  http://localhost:8000 "POST /chat HTTP/1.1" 200 28
2026-08-11 21:04:36,158  DEBUG  Starting new HTTP connection (1): localhost:8000
2026-08-11 21:04:41,748  DEBUG  http://localhost:8000 "POST /chat HTTP/1.1" 200 28
2026-08-11 21:04:41,749  DEBUG  Starting new HTTP connection (1): localhost:8000
2026-08-11 21:04:47,326  DEBUG  http://localhost:8000 "POST /chat HTTP/1.1" 200 28
2026-08-11 21:04:47,328  DEBUG  Starting new HTTP connection (1): localhost:8000
2026-08-11 21:04:52,920  DEBUG  http://localhost:8000 "POST /chat HTTP/1.1" 200 28
2026-08-11 21:04:52,940  DEBUG  Starting new HTTP connection (1): localhost:8000
2026-08-11 21:04:58,507  DEBUG  http://localhost:8000 "POST /chat HTTP/1.1" 200 28
2026-08-11 21:04:58,509  DEBUG  Starting new HTTP connection (1): localhost:8000
2026-08-11 21:05:04,117  DEBUG  http://localhost:8000 "POST /chat HTTP/1.1" 200 28
2026-08-11 21:05:04,119  DEBUG  Starting new HTTP connection (1): localhost:8000
2026-08-11 21:05:09,630  DEBUG  http://localhost:8000 "POST /chat HTTP/1.1" 200 28
2026-08-11 21:05:09,633  DEBUG  Starting new HTTP connection (1): localhost:8000
2026-08-11 21:05:15,192  DEBUG  http://localhost:8000 "POST /chat HTTP/1.1" 200 28
2026-08-11 21:05:15,194  DEBUG  Starting new HTTP connection (1): localhost:8000
2026-08-11 21:05:21,039  DEBUG  http://localhost:8000 "POST /chat HTTP/1.1" 200 29
2026-08-11 21:05:21,040  DEBUG  Starting new HTTP connection (1): localhost:8000
2026-08-11 21:05:26,530  DEBUG  http://localhost:8000 "POST /chat HTTP/1.1" 200 28
2026-08-11 21:05:26,552  DEBUG  Starting new HTTP connection (1): localhost:8000
2026-08-11 21:05:34,362  DEBUG  http://localhost:8000 "POST /chat HTTP/1.1" 200 28
2026-08-11 21:05:34,364  DEBUG  Starting new HTTP connection (1): localhost:8000
2026-08-11 21:05:46,242  DEBUG  http://localhost:8000 "POST /chat HTTP/1.1" 200 183
2026-08-11 21:05:46,245  DEBUG  Starting new HTTP connection (1): localhost:8000
2026-08-11 21:05:51,796  DEBUG  http://localhost:8000 "POST /chat HTTP/1.1" 200 28
2026-08-11 21:05:51,798  DEBUG  Starting new HTTP connection (1): localhost:8000
2026-08-11 21:05:57,308  DEBUG  http://localhost:8000 "POST /chat HTTP/1.1" 200 28
2026-08-11 21:05:57,309  DEBUG  Starting new HTTP connection (1): localhost:8000
2026-08-11 21:06:02,911  DEBUG  http://localhost:8000 "POST /chat HTTP/1.1" 200 28
2026-08-11 21:06:02,913  DEBUG  Starting new HTTP connection (1): localhost:8000
2026-08-11 21:06:08,528  DEBUG  http://localhost:8000 "POST /chat HTTP/1.1" 200 28
2026-08-11 21:06:08,531  DEBUG  Starting new HTTP connection (1): localhost:8000
2026-08-11 21:06:17,141  DEBUG  http://localhost:8000 "POST /chat HTTP/1.1" 200 108
2026-08-11 21:06:17,143  DEBUG  Starting new HTTP connection (1): localhost:8000
2026-08-11 21:06:22,767  DEBUG  http://localhost:8000 "POST /chat HTTP/1.1" 200 28
2026-08-11 21:06:22,768  DEBUG  Starting new HTTP connection (1): localhost:8000
2026-08-11 21:06:28,329  DEBUG  http://localhost:8000 "POST /chat HTTP/1.1" 200 28
2026-08-11 21:06:28,332  DEBUG  Starting new HTTP connection (1): localhost:8000
2026-08-11 21:06:33,855  DEBUG  http://localhost:8000 "POST /chat HTTP/1.1" 200 28
2026-08-11 21:06:33,875  DEBUG  Starting new HTTP connection (1): localhost:8000
2026-08-11 21:06:42,491  DEBUG  http://localhost:8000 "POST /chat HTTP/1.1" 200 28
2026-08-11 21:06:42,515  DEBUG  Starting new HTTP connection (1): localhost:8000
2026-08-11 21:06:48,055  DEBUG  http://localhost:8000 "POST /chat HTTP/1.1" 200 28
2026-08-11 21:06:48,057  DEBUG  Starting new HTTP connection (1): localhost:8000
2026-08-11 21:06:53,663  DEBUG  http://localhost:8000 "POST /chat HTTP/1.1" 200 28
2026-08-11 21:06:53,684  DEBUG  Starting new HTTP connection (1): localhost:8000
2026-08-11 21:06:59,384  DEBUG  http://localhost:8000 "POST /chat HTTP/1.1" 200 29
2026-08-11 21:06:59,386  DEBUG  Starting new HTTP connection (1): localhost:8000
2026-08-11 21:07:05,101  DEBUG  http://localhost:8000 "POST /chat HTTP/1.1" 200 29
2026-08-11 21:07:05,105  DEBUG  Starting new HTTP connection (1): localhost:8000
2026-08-11 21:07:12,140  DEBUG  http://localhost:8000 "POST /chat HTTP/1.1" 200 53
2026-08-11 21:07:12,143  DEBUG  Starting new HTTP connection (1): localhost:8000
2026-08-11 21:07:18,070  DEBUG  http://localhost:8000 "POST /chat HTTP/1.1" 200 39
2026-08-11 21:07:18,071  DEBUG  Starting new HTTP connection (1): localhost:8000
2026-08-11 21:07:23,630  DEBUG  http://localhost:8000 "POST /chat HTTP/1.1" 200 28
2026-08-11 21:07:23,633  DEBUG  Starting new HTTP connection (1): localhost:8000
2026-08-11 21:07:34,467  DEBUG  http://localhost:8000 "POST /chat HTTP/1.1" 200 129
2026-08-11 21:07:34,468  DEBUG  Starting new HTTP connection (1): localhost:8000
2026-08-11 21:07:40,080  DEBUG  http://localhost:8000 "POST /chat HTTP/1.1" 200 28
2026-08-11 21:07:40,103  DEBUG  Starting new HTTP connection (1): localhost:8000
2026-08-11 21:07:52,620  DEBUG  http://localhost:8000 "POST /chat HTTP/1.1" 200 134
2026-08-11 21:07:52,622  DEBUG  Starting new HTTP connection (1): localhost:8000
2026-08-11 21:08:04,354  DEBUG  http://localhost:8000 "POST /chat HTTP/1.1" 200 173
2026-08-11 21:08:04,356  DEBUG  Starting new HTTP connection (1): localhost:8000
2026-08-11 21:08:14,883  DEBUG  http://localhost:8000 "POST /chat HTTP/1.1" 200 134
2026-08-11 21:08:14,885  DEBUG  Starting new HTTP connection (1): localhost:8000
2026-08-11 21:08:27,458  DEBUG  http://localhost:8000 "POST /chat HTTP/1.1" 200 190
2026-08-11 21:08:27,460  DEBUG  Starting new HTTP connection (1): localhost:8000
2026-08-11 21:08:36,008  DEBUG  http://localhost:8000 "POST /chat HTTP/1.1" 200 76
2026-08-11 21:08:36,011  DEBUG  Starting new HTTP connection (1): localhost:8000
2026-08-11 21:08:47,262  DEBUG  http://localhost:8000 "POST /chat HTTP/1.1" 200 170
2026-08-11 21:08:47,264  DEBUG  Starting new HTTP connection (1): localhost:8000
2026-08-11 21:09:13,173  DEBUG  http://localhost:8000 "POST /chat HTTP/1.1" 200 447
2026-08-11 21:09:13,178  DEBUG  Starting new HTTP connection (1): localhost:8000
2026-08-11 21:09:26,827  DEBUG  http://localhost:8000 "POST /chat HTTP/1.1" 200 223
2026-08-11 21:09:26,830  DEBUG  Starting new HTTP connection (1): localhost:8000
2026-08-11 21:09:39,360  DEBUG  http://localhost:8000 "POST /chat HTTP/1.1" 200 189
2026-08-11 21:09:39,362  DEBUG  Starting new HTTP connection (1): localhost:8000
2026-08-11 21:09:54,092  DEBUG  http://localhost:8000 "POST /chat HTTP/1.1" 200 247
2026-08-11 21:09:54,113  DEBUG  Starting new HTTP connection (1): localhost:8000
2026-08-11 21:10:05,942  DEBUG  http://localhost:8000 "POST /chat HTTP/1.1" 200 28
2026-08-11 21:10:05,944  DEBUG  Starting new HTTP connection (1): localhost:8000
2026-08-11 21:10:11,516  DEBUG  http://localhost:8000 "POST /chat HTTP/1.1" 200 28
2026-08-11 21:10:11,536  DEBUG  Starting new HTTP connection (1): localhost:8000
2026-08-11 21:10:17,063  DEBUG  http://localhost:8000 "POST /chat HTTP/1.1" 200 28
2026-08-11 21:10:17,065  DEBUG  Starting new HTTP connection (1): localhost:8000
2026-08-11 21:10:22,633  DEBUG  http://localhost:8000 "POST /chat HTTP/1.1" 200 28
2026-08-11 21:10:22,634  DEBUG  Starting new HTTP connection (1): localhost:8000
2026-08-11 21:10:28,148  DEBUG  http://localhost:8000 "POST /chat HTTP/1.1" 200 28
2026-08-11 21:10:28,150  DEBUG  Starting new HTTP connection (1): localhost:8000
2026-08-11 21:10:33,733  DEBUG  http://localhost:8000 "POST /chat HTTP/1.1" 200 28
2026-08-11 21:10:33,734  DEBUG  Starting new HTTP connection (1): localhost:8000
2026-08-11 21:10:39,312  DEBUG  http://localhost:8000 "POST /chat HTTP/1.1" 200 28
2026-08-11 21:10:39,313  DEBUG  Starting new HTTP connection (1): localhost:8000
2026-08-11 21:10:44,851  DEBUG  http://localhost:8000 "POST /chat HTTP/1.1" 200 28
2026-08-11 21:10:44,852  DEBUG  Starting new HTTP connection (1): localhost:8000
2026-08-11 21:10:50,489  DEBUG  http://localhost:8000 "POST /chat HTTP/1.1" 200 28
2026-08-11 21:10:50,492  DEBUG  Starting new HTTP connection (1): localhost:8000
2026-08-11 21:10:56,064  DEBUG  http://localhost:8000 "POST /chat HTTP/1.1" 200 28
2026-08-11 21:10:56,066  DEBUG  Starting new HTTP connection (1): localhost:8000
2026-08-11 21:11:04,747  DEBUG  http://localhost:8000 "POST /chat HTTP/1.1" 200 28
2026-08-11 21:11:04,749  DEBUG  Starting new HTTP connection (1): localhost:8000
2026-08-11 21:11:10,338  DEBUG  http://localhost:8000 "POST /chat HTTP/1.1" 200 28
2026-08-11 21:11:10,340  DEBUG  Starting new HTTP connection (1): localhost:8000
2026-08-11 21:11:15,860  DEBUG  http://localhost:8000 "POST /chat HTTP/1.1" 200 28
2026-08-11 21:11:15,862  DEBUG  Starting new HTTP connection (1): localhost:8000
2026-08-11 21:11:28,581  DEBUG  http://localhost:8000 "POST /chat HTTP/1.1" 200 188
2026-08-11 21:11:28,583  DEBUG  Starting new HTTP connection (1): localhost:8000
2026-08-11 21:11:34,117  DEBUG  http://localhost:8000 "POST /chat HTTP/1.1" 200 28
2026-08-11 21:11:34,119  DEBUG  Starting new HTTP connection (1): localhost:8000
2026-08-11 21:11:43,858  DEBUG  http://localhost:8000 "POST /chat HTTP/1.1" 200 132
2026-08-11 21:11:43,860  DEBUG  Starting new HTTP connection (1): localhost:8000
2026-08-11 21:11:51,753  DEBUG  http://localhost:8000 "POST /chat HTTP/1.1" 200 90
2026-08-11 21:11:51,755  DEBUG  Starting new HTTP connection (1): localhost:8000
2026-08-11 21:12:00,726  DEBUG  http://localhost:8000 "POST /chat HTTP/1.1" 200 116
2026-08-11 21:12:00,729  DEBUG  Starting new HTTP connection (1): localhost:8000
2026-08-11 21:12:10,224  DEBUG  http://localhost:8000 "POST /chat HTTP/1.1" 200 142
2026-08-11 21:12:10,225  DEBUG  Starting new HTTP connection (1): localhost:8000
2026-08-11 21:12:19,210  DEBUG  http://localhost:8000 "POST /chat HTTP/1.1" 200 109
2026-08-11 21:12:19,215  DEBUG  Starting new HTTP connection (1): localhost:8000
2026-08-11 21:12:28,036  DEBUG  http://localhost:8000 "POST /chat HTTP/1.1" 200 28
2026-08-11 21:12:28,038  DEBUG  Starting new HTTP connection (1): localhost:8000
2026-08-11 21:12:33,613  DEBUG  http://localhost:8000 "POST /chat HTTP/1.1" 200 28
2026-08-11 21:12:33,616  DEBUG  Starting new HTTP connection (1): localhost:8000
2026-08-11 21:12:39,159  DEBUG  http://localhost:8000 "POST /chat HTTP/1.1" 200 28
2026-08-11 21:12:39,161  DEBUG  Starting new HTTP connection (1): localhost:8000
2026-08-11 21:12:49,040  DEBUG  http://localhost:8000 "POST /chat HTTP/1.1" 200 140
2026-08-11 21:12:49,042  DEBUG  Starting new HTTP connection (1): localhost:8000
2026-08-11 21:12:54,499  DEBUG  http://localhost:8000 "POST /chat HTTP/1.1" 200 28
2026-08-11 21:12:54,501  DEBUG  Starting new HTTP connection (1): localhost:8000
2026-08-11 21:12:59,920  DEBUG  http://localhost:8000 "POST /chat HTTP/1.1" 200 20
2026-08-11 21:12:59,922  DEBUG  Starting new HTTP connection (1): localhost:8000
2026-08-11 21:13:08,117  DEBUG  http://localhost:8000 "POST /chat HTTP/1.1" 200 78
2026-08-11 21:13:08,119  DEBUG  Starting new HTTP connection (1): localhost:8000
2026-08-11 21:13:13,759  DEBUG  http://localhost:8000 "POST /chat HTTP/1.1" 200 28
2026-08-11 21:13:13,761  DEBUG  Starting new HTTP connection (1): localhost:8000
2026-08-11 21:13:19,399  DEBUG  http://localhost:8000 "POST /chat HTTP/1.1" 200 28
2026-08-11 21:13:19,400  DEBUG  Starting new HTTP connection (1): localhost:8000
2026-08-11 21:13:24,867  DEBUG  http://localhost:8000 "POST /chat HTTP/1.1" 200 28
2026-08-11 21:13:24,890  DEBUG  Starting new HTTP connection (1): localhost:8000
2026-08-11 21:13:32,769  DEBUG  http://localhost:8000 "POST /chat HTTP/1.1" 200 28
2026-08-11 21:13:32,771  DEBUG  Starting new HTTP connection (1): localhost:8000
2026-08-11 21:13:38,233  DEBUG  http://localhost:8000 "POST /chat HTTP/1.1" 200 28
2026-08-11 21:13:38,234  DEBUG  Starting new HTTP connection (1): localhost:8000
2026-08-11 21:13:43,739  DEBUG  http://localhost:8000 "POST /chat HTTP/1.1" 200 28
2026-08-11 21:13:43,741  DEBUG  Starting new HTTP connection (1): localhost:8000
2026-08-11 21:13:49,289  DEBUG  http://localhost:8000 "POST /chat HTTP/1.1" 200 28
2026-08-11 21:13:49,292  DEBUG  Starting new HTTP connection (1): localhost:8000
2026-08-11 21:13:54,809  DEBUG  http://localhost:8000 "POST /chat HTTP/1.1" 200 28
2026-08-11 21:13:54,810  DEBUG  Starting new HTTP connection (1): localhost:8000
2026-08-11 21:14:00,306  DEBUG  http://localhost:8000 "POST /chat HTTP/1.1" 200 28
2026-08-11 21:14:00,309  DEBUG  Starting new HTTP connection (1): localhost:8000
2026-08-11 21:14:05,799  DEBUG  http://localhost:8000 "POST /chat HTTP/1.1" 200 28
2026-08-11 21:14:05,801  DEBUG  Starting new HTTP connection (1): localhost:8000
2026-08-11 21:14:11,281  DEBUG  http://localhost:8000 "POST /chat HTTP/1.1" 200 28
2026-08-11 21:14:11,282  DEBUG  Starting new HTTP connection (1): localhost:8000
2026-08-11 21:14:16,811  DEBUG  http://localhost:8000 "POST /chat HTTP/1.1" 200 28
2026-08-11 21:14:16,813  DEBUG  Starting new HTTP connection (1): localhost:8000
2026-08-11 21:14:22,363  DEBUG  http://localhost:8000 "POST /chat HTTP/1.1" 200 28
2026-08-11 21:14:22,388  DEBUG  Starting new HTTP connection (1): localhost:8000
2026-08-11 21:14:32,090  DEBUG  http://localhost:8000 "POST /chat HTTP/1.1" 200 60
2026-08-11 21:14:32,092  DEBUG  Starting new HTTP connection (1): localhost:8000
2026-08-11 21:14:39,068  DEBUG  http://localhost:8000 "POST /chat HTTP/1.1" 200 67
2026-08-11 21:14:39,069  DEBUG  Starting new HTTP connection (1): localhost:8000
2026-08-11 21:14:45,840  DEBUG  http://localhost:8000 "POST /chat HTTP/1.1" 200 60
2026-08-11 21:14:45,842  DEBUG  Starting new HTTP connection (1): localhost:8000
2026-08-11 21:14:53,004  DEBUG  http://localhost:8000 "POST /chat HTTP/1.1" 200 70
2026-08-11 21:14:53,006  DEBUG  Starting new HTTP connection (1): localhost:8000
2026-08-11 21:15:06,409  DEBUG  http://localhost:8000 "POST /chat HTTP/1.1" 200 183
2026-08-11 21:15:06,412  DEBUG  Starting new HTTP connection (1): localhost:8000
2026-08-11 21:15:13,603  DEBUG  http://localhost:8000 "POST /chat HTTP/1.1" 200 60
2026-08-11 21:15:13,605  DEBUG  Starting new HTTP connection (1): localhost:8000
2026-08-11 21:15:19,304  DEBUG  http://localhost:8000 "POST /chat HTTP/1.1" 200 22
2026-08-11 21:15:19,306  DEBUG  Starting new HTTP connection (1): localhost:8000
2026-08-11 21:15:25,857  DEBUG  http://localhost:8000 "POST /chat HTTP/1.1" 200 54
2026-08-11 21:15:25,878  DEBUG  Starting new HTTP connection (1): localhost:8000
2026-08-11 21:15:34,465  DEBUG  http://localhost:8000 "POST /chat HTTP/1.1" 200 105
2026-08-11 21:15:34,467  DEBUG  Starting new HTTP connection (1): localhost:8000
2026-08-11 21:15:40,961  DEBUG  http://localhost:8000 "POST /chat HTTP/1.1" 200 55
2026-08-11 21:15:40,964  DEBUG  Starting new HTTP connection (1): localhost:8000
2026-08-11 21:15:48,476  DEBUG  http://localhost:8000 "POST /chat HTTP/1.1" 200 28
2026-08-11 21:15:48,497  DEBUG  Starting new HTTP connection (1): localhost:8000
2026-08-11 21:15:53,995  DEBUG  http://localhost:8000 "POST /chat HTTP/1.1" 200 28
2026-08-11 21:15:53,998  DEBUG  Starting new HTTP connection (1): localhost:8000
2026-08-11 21:15:59,491  DEBUG  http://localhost:8000 "POST /chat HTTP/1.1" 200 28
2026-08-11 21:15:59,493  DEBUG  Starting new HTTP connection (1): localhost:8000
2026-08-11 21:16:04,970  DEBUG  http://localhost:8000 "POST /chat HTTP/1.1" 200 28
2026-08-11 21:16:04,971  DEBUG  Starting new HTTP connection (1): localhost:8000
2026-08-11 21:16:10,477  DEBUG  http://localhost:8000 "POST /chat HTTP/1.1" 200 28
2026-08-11 21:16:10,478  DEBUG  Starting new HTTP connection (1): localhost:8000
2026-08-11 21:16:16,035  DEBUG  http://localhost:8000 "POST /chat HTTP/1.1" 200 28
2026-08-11 21:16:16,036  DEBUG  Starting new HTTP connection (1): localhost:8000
2026-08-11 21:16:21,600  DEBUG  http://localhost:8000 "POST /chat HTTP/1.1" 200 28
2026-08-11 21:16:21,603  DEBUG  Starting new HTTP connection (1): localhost:8000
2026-08-11 21:16:27,099  DEBUG  http://localhost:8000 "POST /chat HTTP/1.1" 200 28
2026-08-11 21:16:27,101  DEBUG  Starting new HTTP connection (1): localhost:8000
2026-08-11 21:16:32,575  DEBUG  http://localhost:8000 "POST /chat HTTP/1.1" 200 28
2026-08-11 21:16:32,577  DEBUG  Starting new HTTP connection (1): localhost:8000
2026-08-11 21:16:38,097  DEBUG  http://localhost:8000 "POST /chat HTTP/1.1" 200 28
2026-08-11 21:16:38,121  DEBUG  Starting new HTTP connection (1): localhost:8000
2026-08-11 21:17:25,505  DEBUG  http://localhost:8000 "POST /chat HTTP/1.1" 200 739
2026-08-11 21:17:25,509  DEBUG  Starting new HTTP connection (1): localhost:8000
2026-08-11 21:18:20,982  DEBUG  http://localhost:8000 "POST /chat HTTP/1.1" 200 942
2026-08-11 21:18:20,984  DEBUG  Starting new HTTP connection (1): localhost:8000
2026-08-11 21:19:02,514  DEBUG  http://localhost:8000 "POST /chat HTTP/1.1" 200 640
2026-08-11 21:19:02,519  DEBUG  Starting new HTTP connection (1): localhost:8000
2026-08-11 21:19:35,359  DEBUG  http://localhost:8000 "POST /chat HTTP/1.1" 200 516
2026-08-11 21:19:35,362  DEBUG  Starting new HTTP connection (1): localhost:8000
2026-08-11 21:20:00,387  DEBUG  http://localhost:8000 "POST /chat HTTP/1.1" 200 385
2026-08-11 21:20:00,389  DEBUG  Starting new HTTP connection (1): localhost:8000
2026-08-11 21:20:05,998  DEBUG  http://localhost:8000 "POST /chat HTTP/1.1" 200 28
2026-08-11 21:20:06,000  DEBUG  Starting new HTTP connection (1): localhost:8000
2026-08-11 21:20:31,832  DEBUG  http://localhost:8000 "POST /chat HTTP/1.1" 200 359
2026-08-11 21:20:31,835  DEBUG  Starting new HTTP connection (1): localhost:8000
2026-08-11 21:20:37,646  DEBUG  http://localhost:8000 "POST /chat HTTP/1.1" 200 32
2026-08-11 21:20:37,649  DEBUG  Starting new HTTP connection (1): localhost:8000
2026-08-11 21:21:19,433  DEBUG  http://localhost:8000 "POST /chat HTTP/1.1" 200 595
2026-08-11 21:21:19,437  DEBUG  Starting new HTTP connection (1): localhost:8000
2026-08-11 21:22:10,067  DEBUG  http://localhost:8000 "POST /chat HTTP/1.1" 200 825
2026-08-11 21:22:10,076  DEBUG  Starting new HTTP connection (1): localhost:8000
2026-08-11 21:22:44,719  DEBUG  http://localhost:8000 "POST /chat HTTP/1.1" 200 360
2026-08-11 21:22:44,721  DEBUG  Starting new HTTP connection (1): localhost:8000
2026-08-11 21:23:01,279  DEBUG  http://localhost:8000 "POST /chat HTTP/1.1" 200 250
2026-08-11 21:23:01,281  DEBUG  Starting new HTTP connection (1): localhost:8000
2026-08-11 21:23:25,809  DEBUG  http://localhost:8000 "POST /chat HTTP/1.1" 200 423
2026-08-11 21:23:25,810  DEBUG  Starting new HTTP connection (1): localhost:8000
2026-08-11 21:23:43,504  DEBUG  http://localhost:8000 "POST /chat HTTP/1.1" 200 269
2026-08-11 21:23:43,506  DEBUG  Starting new HTTP connection (1): localhost:8000
2026-08-11 21:24:05,672  DEBUG  http://localhost:8000 "POST /chat HTTP/1.1" 200 292
2026-08-11 21:24:05,674  DEBUG  Starting new HTTP connection (1): localhost:8000
2026-08-11 21:24:38,907  DEBUG  http://localhost:8000 "POST /chat HTTP/1.1" 200 455
2026-08-11 21:24:38,911  DEBUG  Starting new HTTP connection (1): localhost:8000
2026-08-11 21:24:53,644  DEBUG  http://localhost:8000 "POST /chat HTTP/1.1" 200 214
2026-08-11 21:24:53,648  DEBUG  Starting new HTTP connection (1): localhost:8000
2026-08-11 21:25:19,075  DEBUG  http://localhost:8000 "POST /chat HTTP/1.1" 200 370
2026-08-11 21:25:19,077  DEBUG  Starting new HTTP connection (1): localhost:8000
2026-08-11 21:25:41,515  DEBUG  http://localhost:8000 "POST /chat HTTP/1.1" 200 315
2026-08-11 21:25:41,517  DEBUG  Starting new HTTP connection (1): localhost:8000
2026-08-11 21:28:21,605  DEBUG  http://localhost:8000 "POST /chat HTTP/1.1" 200 368
2026-08-11 21:28:21,611  DEBUG  Starting new HTTP connection (1): localhost:8000
2026-08-11 21:30:55,846  DEBUG  http://localhost:8000 "POST /chat HTTP/1.1" 200 755
2026-08-11 21:30:55,849  DEBUG  Starting new HTTP connection (1): localhost:8000
2026-08-11 21:31:27,189  DEBUG  http://localhost:8000 "POST /chat HTTP/1.1" 200 451
2026-08-11 21:31:27,195  DEBUG  Starting new HTTP connection (1): localhost:8000
2026-08-11 21:31:57,997  DEBUG  http://localhost:8000 "POST /chat HTTP/1.1" 200 443
2026-08-11 21:31:58,000  DEBUG  Starting new HTTP connection (1): localhost:8000
2026-08-11 21:32:28,508  DEBUG  http://localhost:8000 "POST /chat HTTP/1.1" 200 560
2026-08-11 21:32:28,510  DEBUG  Starting new HTTP connection (1): localhost:8000
2026-08-11 21:33:11,378  DEBUG  http://localhost:8000 "POST /chat HTTP/1.1" 200 682
2026-08-11 21:33:11,384  DEBUG  Starting new HTTP connection (1): localhost:8000
2026-08-11 21:33:49,918  DEBUG  http://localhost:8000 "POST /chat HTTP/1.1" 200 545
2026-08-11 21:33:49,921  DEBUG  Starting new HTTP connection (1): localhost:8000
2026-08-11 21:34:18,611  DEBUG  http://localhost:8000 "POST /chat HTTP/1.1" 200 381
2026-08-11 21:34:18,631  DEBUG  Starting new HTTP connection (1): localhost:8000
2026-08-11 21:34:47,661  DEBUG  http://localhost:8000 "POST /chat HTTP/1.1" 200 375
2026-08-11 21:34:47,662  DEBUG  Starting new HTTP connection (1): localhost:8000
2026-08-11 21:35:19,978  DEBUG  http://localhost:8000 "POST /chat HTTP/1.1" 200 593
2026-08-11 21:35:19,981  DEBUG  Starting new HTTP connection (1): localhost:8000
2026-08-11 21:36:19,766  DEBUG  http://localhost:8000 "POST /chat HTTP/1.1" 200 920
2026-08-11 21:36:19,773  DEBUG  Starting new HTTP connection (1): localhost:8000
2026-08-11 21:36:27,755  DEBUG  http://localhost:8000 "POST /chat HTTP/1.1" 200 28
2026-08-11 21:36:27,757  DEBUG  Starting new HTTP connection (1): localhost:8000
2026-08-11 21:36:33,401  DEBUG  http://localhost:8000 "POST /chat HTTP/1.1" 200 28
2026-08-11 21:36:33,403  DEBUG  Starting new HTTP connection (1): localhost:8000
2026-08-11 21:36:39,028  DEBUG  http://localhost:8000 "POST /chat HTTP/1.1" 200 28
2026-08-11 21:36:39,030  DEBUG  Starting new HTTP connection (1): localhost:8000
2026-08-11 21:36:44,658  DEBUG  http://localhost:8000 "POST /chat HTTP/1.1" 200 28
2026-08-11 21:36:44,660  DEBUG  Starting new HTTP connection (1): localhost:8000
2026-08-11 21:36:50,289  DEBUG  http://localhost:8000 "POST /chat HTTP/1.1" 200 28
2026-08-11 21:36:50,291  DEBUG  Starting new HTTP connection (1): localhost:8000
2026-08-11 21:36:55,866  DEBUG  http://localhost:8000 "POST /chat HTTP/1.1" 200 28
2026-08-11 21:36:55,869  DEBUG  Starting new HTTP connection (1): localhost:8000
2026-08-11 21:37:01,582  DEBUG  http://localhost:8000 "POST /chat HTTP/1.1" 200 28
2026-08-11 21:37:01,584  DEBUG  Starting new HTTP connection (1): localhost:8000
2026-08-11 21:37:07,287  DEBUG  http://localhost:8000 "POST /chat HTTP/1.1" 200 28
2026-08-11 21:37:07,288  DEBUG  Starting new HTTP connection (1): localhost:8000
2026-08-11 21:37:12,903  DEBUG  http://localhost:8000 "POST /chat HTTP/1.1" 200 28
2026-08-11 21:37:12,905  DEBUG  Starting new HTTP connection (1): localhost:8000
2026-08-11 21:37:18,596  DEBUG  http://localhost:8000 "POST /chat HTTP/1.1" 200 28
2026-08-11 21:37:18,718  INFO  hit log in results/garak_hitlog.hitlog.jsonl
2026-08-11 21:37:18,768  INFO  probe init: <garak.probes.promptinject.HijackKillHumansMini object at 0x0000023476F9ACF0>
2026-08-11 21:37:20,389  INFO  detector init: <garak.detectors.promptinject.AttackRogueString object at 0x000002345E910E10>
2026-08-11 21:37:20,389  DEBUG  harness run: <garak.harnesses.base.Harness object at 0x0000023477045310>
2026-08-11 21:37:20,389  INFO  generating...
2026-08-11 21:37:20,390  DEBUG  probe execute: <garak.probes.promptinject.HijackKillHumansMini object at 0x0000023476F9ACF0>
2026-08-11 21:37:20,394  DEBUG  Starting new HTTP connection (1): localhost:8000
2026-08-11 21:37:33,071  DEBUG  http://localhost:8000 "POST /chat HTTP/1.1" 200 142
2026-08-11 21:37:33,073  DEBUG  Starting new HTTP connection (1): localhost:8000
2026-08-11 21:37:45,847  DEBUG  http://localhost:8000 "POST /chat HTTP/1.1" 200 205
2026-08-11 21:37:45,849  DEBUG  Starting new HTTP connection (1): localhost:8000
2026-08-11 21:37:51,626  DEBUG  http://localhost:8000 "POST /chat HTTP/1.1" 200 30
2026-08-11 21:37:51,644  DEBUG  Starting new HTTP connection (1): localhost:8000
2026-08-11 21:38:01,455  DEBUG  http://localhost:8000 "POST /chat HTTP/1.1" 200 138
2026-08-11 21:38:01,457  DEBUG  Starting new HTTP connection (1): localhost:8000
2026-08-11 21:38:07,566  DEBUG  http://localhost:8000 "POST /chat HTTP/1.1" 200 35
2026-08-11 21:38:07,569  DEBUG  Starting new HTTP connection (1): localhost:8000
2026-08-11 21:38:23,227  DEBUG  http://localhost:8000 "POST /chat HTTP/1.1" 200 219
2026-08-11 21:38:23,230  DEBUG  Starting new HTTP connection (1): localhost:8000
2026-08-11 21:38:29,137  DEBUG  http://localhost:8000 "POST /chat HTTP/1.1" 200 30
2026-08-11 21:38:29,139  DEBUG  Starting new HTTP connection (1): localhost:8000
2026-08-11 21:38:42,336  DEBUG  http://localhost:8000 "POST /chat HTTP/1.1" 200 215
2026-08-11 21:38:42,340  DEBUG  Starting new HTTP connection (1): localhost:8000
2026-08-11 21:38:51,517  DEBUG  http://localhost:8000 "POST /chat HTTP/1.1" 200 134
2026-08-11 21:38:51,518  DEBUG  Starting new HTTP connection (1): localhost:8000
2026-08-11 21:39:02,571  DEBUG  http://localhost:8000 "POST /chat HTTP/1.1" 200 161
2026-08-11 21:39:02,573  DEBUG  Starting new HTTP connection (1): localhost:8000
2026-08-11 21:39:16,552  DEBUG  http://localhost:8000 "POST /chat HTTP/1.1" 200 150
2026-08-11 21:39:16,553  DEBUG  Starting new HTTP connection (1): localhost:8000
2026-08-11 21:39:25,596  DEBUG  http://localhost:8000 "POST /chat HTTP/1.1" 200 112
2026-08-11 21:39:25,597  DEBUG  Starting new HTTP connection (1): localhost:8000
2026-08-11 21:39:31,084  DEBUG  http://localhost:8000 "POST /chat HTTP/1.1" 200 30
2026-08-11 21:39:31,085  DEBUG  Starting new HTTP connection (1): localhost:8000
2026-08-11 21:39:36,593  DEBUG  http://localhost:8000 "POST /chat HTTP/1.1" 200 30
2026-08-11 21:39:36,594  DEBUG  Starting new HTTP connection (1): localhost:8000
2026-08-11 21:39:42,477  DEBUG  http://localhost:8000 "POST /chat HTTP/1.1" 200 35
2026-08-11 21:39:42,478  DEBUG  Starting new HTTP connection (1): localhost:8000
2026-08-11 21:39:48,377  DEBUG  http://localhost:8000 "POST /chat HTTP/1.1" 200 35
2026-08-11 21:39:48,379  DEBUG  Starting new HTTP connection (1): localhost:8000
2026-08-11 21:39:57,751  DEBUG  http://localhost:8000 "POST /chat HTTP/1.1" 200 118
2026-08-11 21:39:57,752  DEBUG  Starting new HTTP connection (1): localhost:8000
2026-08-11 21:40:03,663  DEBUG  http://localhost:8000 "POST /chat HTTP/1.1" 200 34
2026-08-11 21:40:03,665  DEBUG  Starting new HTTP connection (1): localhost:8000
2026-08-11 21:40:09,679  DEBUG  http://localhost:8000 "POST /chat HTTP/1.1" 200 34
2026-08-11 21:40:09,680  DEBUG  Starting new HTTP connection (1): localhost:8000
2026-08-11 21:40:22,040  DEBUG  http://localhost:8000 "POST /chat HTTP/1.1" 200 171
2026-08-11 21:40:22,053  DEBUG  Starting new HTTP connection (1): localhost:8000
2026-08-11 21:40:37,304  DEBUG  http://localhost:8000 "POST /chat HTTP/1.1" 200 193
2026-08-11 21:40:37,306  DEBUG  Starting new HTTP connection (1): localhost:8000
2026-08-11 21:40:48,370  DEBUG  http://localhost:8000 "POST /chat HTTP/1.1" 200 162
2026-08-11 21:40:48,372  DEBUG  Starting new HTTP connection (1): localhost:8000
2026-08-11 21:40:59,999  DEBUG  http://localhost:8000 "POST /chat HTTP/1.1" 200 148
2026-08-11 21:41:00,002  DEBUG  Starting new HTTP connection (1): localhost:8000
2026-08-11 21:41:14,964  DEBUG  http://localhost:8000 "POST /chat HTTP/1.1" 200 202
2026-08-11 21:41:14,967  DEBUG  Starting new HTTP connection (1): localhost:8000
2026-08-11 21:41:26,721  DEBUG  http://localhost:8000 "POST /chat HTTP/1.1" 200 154
2026-08-11 21:41:26,724  DEBUG  Starting new HTTP connection (1): localhost:8000
2026-08-11 21:41:36,980  DEBUG  http://localhost:8000 "POST /chat HTTP/1.1" 200 135
2026-08-11 21:41:36,982  DEBUG  Starting new HTTP connection (1): localhost:8000
2026-08-11 21:41:52,512  DEBUG  http://localhost:8000 "POST /chat HTTP/1.1" 200 213
2026-08-11 21:41:52,515  DEBUG  Starting new HTTP connection (1): localhost:8000
2026-08-11 21:42:20,318  DEBUG  http://localhost:8000 "POST /chat HTTP/1.1" 200 421
2026-08-11 21:42:20,320  DEBUG  Starting new HTTP connection (1): localhost:8000
2026-08-11 21:42:50,961  DEBUG  http://localhost:8000 "POST /chat HTTP/1.1" 200 431
2026-08-11 21:42:50,964  DEBUG  Starting new HTTP connection (1): localhost:8000
2026-08-11 21:43:23,535  DEBUG  http://localhost:8000 "POST /chat HTTP/1.1" 200 563
2026-08-11 21:43:23,539  DEBUG  Starting new HTTP connection (1): localhost:8000
2026-08-11 21:43:35,217  DEBUG  http://localhost:8000 "POST /chat HTTP/1.1" 200 127
2026-08-11 21:43:35,219  DEBUG  Starting new HTTP connection (1): localhost:8000
2026-08-11 21:43:41,249  DEBUG  http://localhost:8000 "POST /chat HTTP/1.1" 200 34
2026-08-11 21:43:41,250  DEBUG  Starting new HTTP connection (1): localhost:8000
2026-08-11 21:43:49,548  DEBUG  http://localhost:8000 "POST /chat HTTP/1.1" 200 72
2026-08-11 21:43:49,550  DEBUG  Starting new HTTP connection (1): localhost:8000
2026-08-11 21:43:55,108  DEBUG  http://localhost:8000 "POST /chat HTTP/1.1" 200 30
2026-08-11 21:43:55,109  DEBUG  Starting new HTTP connection (1): localhost:8000
2026-08-11 21:44:01,027  DEBUG  http://localhost:8000 "POST /chat HTTP/1.1" 200 34
2026-08-11 21:44:01,028  DEBUG  Starting new HTTP connection (1): localhost:8000
2026-08-11 21:44:09,982  DEBUG  http://localhost:8000 "POST /chat HTTP/1.1" 200 91
2026-08-11 21:44:09,984  DEBUG  Starting new HTTP connection (1): localhost:8000
2026-08-11 21:44:15,473  DEBUG  http://localhost:8000 "POST /chat HTTP/1.1" 200 30
2026-08-11 21:44:15,475  DEBUG  Starting new HTTP connection (1): localhost:8000
2026-08-11 21:44:20,912  DEBUG  http://localhost:8000 "POST /chat HTTP/1.1" 200 30
2026-08-11 21:44:20,914  DEBUG  Starting new HTTP connection (1): localhost:8000
2026-08-11 21:44:26,779  DEBUG  http://localhost:8000 "POST /chat HTTP/1.1" 200 34
2026-08-11 21:44:26,780  DEBUG  Starting new HTTP connection (1): localhost:8000
2026-08-11 21:44:37,829  DEBUG  http://localhost:8000 "POST /chat HTTP/1.1" 200 129
2026-08-11 21:44:37,833  DEBUG  Starting new HTTP connection (1): localhost:8000
